tourney_id	tourney_name	surface	draw_size	tourney_level	tourney_date	match_num	winner_id	winner_seed	winner_entry	winner_name	winner_hand	winner_ht	winner_ioc	winner_age	winner_rank	winner_rank_points	loser_id	loser_seed	loser_entry	loser_name	loser_hand	loser_ht	loser_ioc	loser_age	loser_rank	loser_rank_points	score	best_of	round	minutes	w_ace	w_df	w_svpt	w_1stIn	w_1stWon	w_2ndWon	w_SvGms	w_bpSaved	w_bpFaced	l_ace	l_df	l_svpt	l_1stIn	l_1stWon	l_2ndWon	l_SvGms	l_bpSaved	l_bpFaced	wid	lid	atp_match_num	no_sets	no_tiebreaks	
2017-301	Auckland	Hard	28	A	20170109	300	106058	4		Jack Sock	R	191	USA	24.2929500342	23	1710	105311			Joao Sousa	R	185	POR	27.780971937	44	1030	6-3 5-7 6-3	3	F	116	13	3	78	54	43	11	15	1	4	10	3	95	60	40	14	15	4	9	MS001	3	0	
2017-301	Auckland	Hard	28	A	20170109	299	106058	4		Jack Sock	R	191	USA	24.2929500342	23	1710	105449	7		Steve Johnson	R	188	USA	27.0444900753	33	1320	6-4 6-3	3	SF	71	2	3	57	30	23	16	9	1	1	3	4	52	33	26	9	10	1	4	MS003	2	0	
2017-301	Auckland	Hard	28	A	20170109	298	105311			Joao Sousa	R	185	POR	27.780971937	44	1030	104571	8		Marcos Baghdatis	R	178	CYP	31.5646817248	36	1140	6-1 7-5	3	SF	73	3	2	59	41	32	11	10	1	1	1	5	48	21	15	13	9	1	4	MS002	2	0	
2017-301	Auckland	Hard	28	A	20170109	297	105449	7		Steve Johnson	R	188	USA	27.0444900753	33	1320	104545	2		John Isner	R	208	USA	31.7070499658	19	1850	6-3 5-7 7-6(3)	3	QF	134	12	2	94	60	51	22	17	1	2	19	4	105	78	59	15	16	9	10	MS007	3	1	
2017-301	Auckland	Hard	28	A	20170109	296	106058	4		Jack Sock	R	191	USA	24.2929500342	23	1710	104871			Jeremy Chardy	R	188	FRA	29.9082819986	71	705	5-7 6-4 6-3	3	QF	130	12	2	87	57	43	18	15	2	4	14	7	131	86	54	23	16	21	25	MS006	3	0	
2017-301	Auckland	Hard	28	A	20170109	295	104571	8		Marcos Baghdatis	R	178	CYP	31.5646817248	36	1140	106210			Jiri Vesely	L	198	CZE	23.5017111567	54	848	6-2 6-4	3	QF	70	12	1	45	27	24	12	9	0	0	5	1	59	40	23	9	9	4	7	MS004	2	0	
2017-301	Auckland	Hard	28	A	20170109	294	105311			Joao Sousa	R	185	POR	27.780971937	44	1030	104898			Robin Haase	R	191	NED	29.7631759069	58	795	6-3 6-2	3	QF	57	1	0	53	32	26	13	9	2	2	5	2	45	29	19	7	8	3	6	MS005	2	0	
2017-301	Auckland	Hard	28	A	20170109	293	104545	2		John Isner	R	208	USA	31.7070499658	19	1850	104291			Malek Jaziri	R	185	TUN	32.9719370294	56	814	6-3 3-6 7-6(6)	3	R16	117	22	0	87	68	55	13	15	4	5	15	6	95	54	44	24	15	3	4	MS015	3	1	
2017-301	Auckland	Hard	28	A	20170109	292	104898			Robin Haase	R	191	NED	29.7631759069	58	795	103970	3		David Ferrer	R	175	ESP	34.7734428474	21	1785	2-6 6-4 7-6(4)	3	R16	121	11	2	104	66	48	21	15	6	9	4	2	98	72	52	13	15	5	7	MS010	3	1	
2017-301	Auckland	Hard	28	A	20170109	291	106058	4		Jack Sock	R	191	USA	24.2929500342	23	1710	105992		Q	Ryan Harrison	R	185	USA	24.6762491444	89	632	7-6(5) 4-6 6-1	3	R16	126	11	6	105	61	42	25	15	4	7	17	1	87	61	47	8	14	2	6	MS013	3	1	
2017-301	Auckland	Hard	28	A	20170109	290	104871			Jeremy Chardy	R	188	FRA	29.9082819986	71	705	103852	6		Feliciano Lopez	L	188	ESP	35.3045859001	28	1410	W/O	3	R16																				NOSTATSFILE_10	1	0	
2017-301	Auckland	Hard	28	A	20170109	289	105449	7		Steve Johnson	R	188	USA	27.0444900753	33	1320	104229			Yen Hsun Lu	R	180	TPE	33.4072553046	61	774	6-4 7-6(4)	3	R16	88	5	4	64	33	31	21	11	0	0	4	2	61	36	30	18	11	0	1	MS014	2	1	
2017-301	Auckland	Hard	28	A	20170109	288	104571	8		Marcos Baghdatis	R	178	CYP	31.5646817248	36	1140	104460		WC	Dustin Brown	R	196	GER	32.0876112252	70	718	4-6 7-6(4) 6-4	3	R16	126	12	5	109	62	48	25	16	8	10	6	6	115	72	52	22	16	8	10	MS009	3	1	
2017-301	Auckland	Hard	28	A	20170109	287	105311			Joao Sousa	R	185	POR	27.780971937	44	1030	105454		Q	Brydan Klein	R	188	GBR	27.0253251198	324	148	6-3 6-4	3	R16	73	3	3	58	33	25	13	10	0	2	5	6	51	27	19	7	9	1	5	MS011	2	0	
2017-301	Auckland	Hard	28	A	20170109	286	106210			Jiri Vesely	L	198	CZE	23.5017111567	54	848	104907		LL	Jose Statham	R	180	NZL	29.711156742	434	94	6-7(6) 7-5 6-3	3	R16	143	15	6	105	66	53	26	17	5	5	8	2	90	64	50	16	16	1	3	MS008	3	1	
2017-301	Auckland	Hard	28	A	20170109	285	105311			Joao Sousa	R	185	POR	27.780971937	44	1030	105077	5		Albert Ramos Vinolas	L	188	ESP	28.9801505818	26	1435	6-1 7-5	3	R32	88	3	3	54	34	27	11	10	2	3	3	3	59	33	20	12	9	5	9	MS023	2	0	
2017-301	Auckland	Hard	28	A	20170109	284	103852	6		Feliciano Lopez	L	188	ESP	35.3045859001	28	1410	105030		WC	Michael Venus	R	191	NZL	29.234770705			3-6 6-4 6-3	3	R32	108	11	4	87	47	41	17	14	6	7	8	3	92	55	40	18	14	5	7	MS024	3	0	
2017-301	Auckland	Hard	28	A	20170109	283	105449	7		Steve Johnson	R	188	USA	27.0444900753	33	1320	103565			Stephane Robert	R	185	FRA	36.6488706366	53	854	6-4 6-3	3	R32	85	11	3	60	31	28	13	10	1	2	2	6	69	33	26	12	9	4	7	MS028	2	0	
2017-301	Auckland	Hard	28	A	20170109	282	104571	8		Marcos Baghdatis	R	178	CYP	31.5646817248	36	1140	105173			Adrian Mannarino	L	180	FRA	28.5311430527	60	781	6-4 6-4	3	R32	97	7	1	68	29	23	21	10	2	3	3	1	65	40	22	15	10	4	7	MS019	2	0	
2017-301	Auckland	Hard	28	A	20170109	281	104460		WC	Dustin Brown	R	196	GER	32.0876112252	70	718	111581		Q	Michael Mmoh	R	185	USA	18.9979466119	195	285	7-6(4) 3-6 6-4	3	R32	117	12	3	114	70	47	28	16	10	13	11	2	90	57	44	20	15	5	7	MS018	3	1	
2017-301	Auckland	Hard	28	A	20170109	280	104871			Jeremy Chardy	R	188	FRA	29.9082819986	71	705	104677		WC	Artem Sitak	R	185	NZL	30.9185489391			6-4 6-2	3	R32	61	1	1	46	27	21	16	9	0	0	4	2	56	31	23	11	9	3	6	MS025	2	0	
2017-301	Auckland	Hard	28	A	20170109	279	104898			Robin Haase	R	191	NED	29.7631759069	58	795	110686		Q	Finn Tearney	R	183	NZL	26.2861054073	449	90	6-4 7-5	3	R32	80	13	3	69	33	26	17	11	6	8	3	3	66	39	23	14	11	4	8	MS021	2	0	
2017-301	Auckland	Hard	28	A	20170109	278	105992		Q	Ryan Harrison	R	185	USA	24.6762491444	89	632	104198			Guillermo Garcia Lopez	R	185	ESP	33.6016427105	73	700	6-1 6-2	3	R32	65	9	1	41	30	24	9	8	2	2	2	3	59	38	22	7	7	6	10	MS026	2	0	
2017-301	Auckland	Hard	28	A	20170109	277	104291			Malek Jaziri	R	185	TUN	32.9719370294	56	814	106043			Diego Schwartzman	R	170	ARG	24.3997262149	52	867	7-6(1) 6-3	3	R32	93	3	1	63	35	27	18	10	1	2	0	2	74	45	27	17	11	4	7	MS030	2	1	
2017-301	Auckland	Hard	28	A	20170109	276	105454		Q	Brydan Klein	R	188	GBR	27.0253251198	324	148	105487			Facundo Bagnis	L	183	ARG	26.8665297741	55	817	6-1 6-7(6) 7-6(3)	3	R32	135	14	3	101	63	54	18	15	2	3	6	9	104	70	47	17	16	3	7	MS022	3	2	
2017-301	Auckland	Hard	28	A	20170109	275	104229			Yen Hsun Lu	R	180	TPE	33.4072553046	61	774	111575			Karen Khachanov	R	198	RUS	20.6379192334	51	875	4-6 7-6(5) 7-6(9)	3	R32	159	6	5	119	72	59	24	17	9	12	16	3	109	62	51	26	17	3	5	MS029	3	2	
2017-301	Auckland	Hard	28	A	20170109	274	106210			Jiri Vesely	L	198	CZE	23.5017111567	54	848	104547			Horacio Zeballos	L	188	ARG	31.704312115	69	725	6-4 6-3	3	R32	82	10	6	64	45	34	8	9	5	5	5	2	52	28	18	15	10	2	5	MS017	2	0	
2017-338	Sydney	Hard	28	A	20170108	300	104180	6		Gilles Muller	L	193	LUX	33.6700889802	34	1255	105554			Daniel Evans	R	175	GBR	26.6310746064	66	736	7-6(5) 6-2	3	F	89	12	4	60	38	33	12	10	1	1	7	5	71	46	31	13	10	5	7	MS001	2	1	
2017-338	Sydney	Hard	28	A	20170108	299	104180	6		Gilles Muller	L	193	LUX	33.6700889802	34	1255	104678	3		Viktor Troicki	R	193	SRB	30.9103353867	29	1385	6-3 7-6(6)	3	SF	90	16	3	76	49	38	16	11	3	3	9	3	55	32	28	14	10	0	1	MS003	2	1	
2017-338	Sydney	Hard	28	A	20170108	298	105554			Daniel Evans	R	175	GBR	26.6310746064	66	736	105723			Andrey Kuznetsov	R	185	RUS	25.87816564	46	970	6-2 3-6 6-3	3	SF	110	2	4	72	40	29	17	13	0	3	7	3	84	53	32	12	13	3	8	MS002	3	0	
2017-338	Sydney	Hard	28	A	20170108	297	105554			Daniel Evans	R	175	GBR	26.6310746064	66	736	106233	1		Dominic Thiem	R	185	AUT	23.3483915127	8	3415	3-6 6-4 6-1	3	QF	122	1	0	94	45	31	23	13	5	9	2	4	81	49	29	15	13	3	9	MS004	3	0	
2017-338	Sydney	Hard	28	A	20170108	296	104180	6		Gilles Muller	L	193	LUX	33.6700889802	34	1255	104655	2		Pablo Cuevas	R	180	URU	31.0198494182	22	1780	7-6(5) 6-4	3	QF	97	17	2	72	47	36	13	11	1	2	5	1	73	50	30	17	11	7	9	MS007	2	1	
2017-338	Sydney	Hard	28	A	20170108	295	104678	3		Viktor Troicki	R	193	SRB	30.9103353867	29	1385	104259	5		Philipp Kohlschreiber	R	178	GER	33.2320328542	32	1325	W/O	3	QF																				NOSTATSFILE_5	1	0	
2017-338	Sydney	Hard	28	A	20170108	294	105723			Andrey Kuznetsov	R	185	RUS	25.87816564	46	970	105807	4		Pablo Carreno Busta	R	188	ESP	25.4948665298	30	1370	2-6 6-4 6-1	3	QF	106	9	5	79	37	29	22	13	4	6	4	3	78	46	31	17	12	7	10	MS005	3	0	
2017-338	Sydney	Hard	28	A	20170108	293	106233	1		Dominic Thiem	R	185	AUT	23.3483915127	8	3415	105671		Q	Gastao Elias	R	183	POR	26.1245722108	81	675	6-7(5) 6-3 7-5	3	R16	160	5	5	103	60	41	24	17	3	7	6	2	118	65	39	26	16	6	12	MS008	3	1	
2017-338	Sydney	Hard	28	A	20170108	292	104655	2		Pablo Cuevas	R	180	URU	31.0198494182	22	1780	103917			Nicolas Mahut	R	191	FRA	34.9650924025	39	1102	6-4 2-6 6-2	3	R16	107	9	3	76	45	35	14	13	2	4	2	2	79	54	33	14	13	3	6	MS015	3	0	
2017-338	Sydney	Hard	28	A	20170108	291	104678	3		Viktor Troicki	R	193	SRB	30.9103353867	29	1385	103893			Paolo Lorenzi	R	183	ITA	35.0663928816	40	1090	6-3 6-4	3	R16	93	12	1	55	33	30	12	10	1	1	3	5	83	49	34	14	9	8	10	MS013	2	0	
2017-338	Sydney	Hard	28	A	20170108	290	105807	4		Pablo Carreno Busta	R	188	ESP	25.4948665298	30	1370	104999			Mischa Zverev	L	191	GER	29.3826146475	51	874	3-6 7-6(4) 6-3	3	R16	130	4	6	101	61	45	21	14	5	6	8	3	112	78	54	18	16	9	11	MS010	3	1	
2017-338	Sydney	Hard	28	A	20170108	289	104259	5		Philipp Kohlschreiber	R	178	GER	33.2320328542	32	1325	111442		WC	Jordan Thompson	R	183	AUS	22.7214236824	79	689	7-5 6-4	3	R16	84	5	1	65	38	30	16	11	3	4	10	0	61	43	30	7	11	0	3	MS012	2	0	
2017-338	Sydney	Hard	28	A	20170108	288	104180	6		Gilles Muller	L	193	LUX	33.6700889802	34	1255	105881		Q	Matthew Barton	R	191	AUS	25.0595482546	196	282	6-1 3-6 6-4	3	R16	103	22	3	64	40	36	15	13	0	1	17	4	96	51	42	15	13	10	13	MS014	3	0	
2017-338	Sydney	Hard	28	A	20170108	287	105554			Daniel Evans	R	175	GBR	26.6310746064	66	736	104719	8		Marcel Granollers	R	191	ESP	30.7433264887	37	1136	1-6 6-3 6-3	3	R16	103	5	3	70	42	35	12	12	2	4	3	3	76	51	35	13	13	1	4	MS009	3	0	
2017-338	Sydney	Hard	28	A	20170108	286	105723			Andrey Kuznetsov	R	185	RUS	25.87816564	46	970	200282		WC	Alex De Minaur	R	180	AUS	17.8918548939	351	132	6-2 RET	3	R16	40	2	1	28	13	9	9	4	2	2	0	0	31	20	10	6	4	6	8	MS011	2	0	
2017-338	Sydney	Hard	28	A	20170108	285	104259	5		Philipp Kohlschreiber	R	178	GER	33.2320328542	32	1325	104926			Fabio Fognini	R	178	ITA	29.6290212183	49	945	6-4 6-4	3	R32	81	5	1	58	38	30	12	10	3	4	2	1	55	27	19	15	10	2	5	MS024	2	0	
2017-338	Sydney	Hard	28	A	20170108	284	104180	6		Gilles Muller	L	193	LUX	33.6700889802	34	1255	105238			Alexandr Dolgopolov	R	180	UKR	28.1697467488	62	760	3-6 6-3 7-5	3	R32	127	14	6	96	56	44	20	15	2	3	8	6	100	65	49	17	15	5	7	MS028	3	0	
2017-338	Sydney	Hard	28	A	20170108	283	105723			Andrey Kuznetsov	R	185	RUS	25.87816564	46	970	105373	7		Martin Klizan	L	191	SVK	27.4962354552	35	1230	2-6 6-1 3-0 RET	3	R32	73	6	2	48	30	23	9	9	3	5	1	4	56	39	22	8	9	2	6	MS023	4	0	
2017-338	Sydney	Hard	28	A	20170108	282	104719	8		Marcel Granollers	R	191	ESP	30.7433264887	37	1136	105053		LL	Santiago Giraldo	R	188	COL	29.1170431211	91	632	6-7(5) 7-5 6-3	3	R32	157	5	1	105	71	53	22	17	5	6	4	2	106	67	46	19	16	5	8	MS019	3	1	
2017-338	Sydney	Hard	28	A	20170108	281	105881		Q	Matthew Barton	R	191	AUS	25.0595482546	196	282	106378			Kyle Edmund	R	188	GBR	22.0013689254	45	1001	7-6(3) 7-6(5)	3	R32	104	17	4	78	48	39	17	12	2	2	11	4	82	45	38	17	12	2	2	MS029	2	2	
2017-338	Sydney	Hard	28	A	20170108	280	200282		WC	Alex De Minaur	R	180	AUS	17.8918548939	351	132	105332			Benoit Paire	R	196	FRA	27.6714579055	47	960	6-3 3-6 7-6(1)	3	R32	105	2	4	82	48	35	20	15	2	5	10	7	93	56	38	18	15	3	6	MS022	3	1	
2017-338	Sydney	Hard	28	A	20170108	279	105671		Q	Gastao Elias	R	183	POR	26.1245722108	81	675	106331		Q	Christopher O'Connell	R	183	AUS	22.6009582478	237	217	6-7(3) 6-4 6-1	3	R32	145	11	4	114	62	45	29	14	14	15	2	6	100	66	40	17	15	6	11	MS017	3	1	
2017-338	Sydney	Hard	28	A	20170108	278	105554			Daniel Evans	R	175	GBR	26.6310746064	66	736	106329		Q	Thiago Monteiro	L	183	BRA	22.6091718001	82	674	6-3 4-6 6-3	3	R32	103	3	3	80	45	30	19	14	1	5	6	1	79	62	39	6	14	3	9	MS018	3	0	
2017-338	Sydney	Hard	28	A	20170108	277	103893			Paolo Lorenzi	R	183	ITA	35.0663928816	40	1090	104252			Florian Mayer	R	191	GER	33.2621492129	50	903	7-6(4) 4-6 7-6(5)	3	R32	153	9	1	106	55	42	33	17	1	3	11	3	113	59	48	29	17	1	2	MS026	3	2	
2017-338	Sydney	Hard	28	A	20170108	276	103917			Nicolas Mahut	R	191	FRA	34.9650924025	39	1102	105064			Thomaz Bellucci	L	188	BRA	29.0266940452	61	771	6-2 7-6(2)	3	R32	81	6	2	58	39	31	13	10	2	3	2	3	57	33	20	13	10	2	5	MS030	2	1	
2017-338	Sydney	Hard	28	A	20170108	275	111442		WC	Jordan Thompson	R	183	AUS	22.7214236824	79	689	105932		LL	Nikoloz Basilashvili	R	185	GEO	24.8761122519	94	618	7-5 6-2	3	R32	83	6	1	53	36	24	11	10	1	3	1	5	59	33	18	9	10	1	6	MS025	2	0	
2017-338	Sydney	Hard	28	A	20170108	274	104999			Mischa Zverev	L	191	GER	29.3826146475	51	874	104597			Nicolas Almagro	R	183	ESP	31.3839835729	44	1013	6-4 6-2	3	R32	70	12	0	47	35	31	6	9	1	1	7	4	63	26	20	17	9	4	7	MS021	2	0	
2017-339	Brisbane	Hard	28	A	20170101	300	105777	7		Grigor Dimitrov	R	191	BUL	25.6317590691	17	2035	105453	3		Kei Nishikori	R	178	JPN	27.0088980151	5	4905	6-2 2-6 6-3	3	F	109	7	2	77	52	41	12	13	5	7	4	0	69	49	36	9	12	2	5	MS001	3	0	
2017-339	Brisbane	Hard	28	A	20170101	299	105777	7		Grigor Dimitrov	R	191	BUL	25.6317590691	17	2035	105683	1		Milos Raonic	R	196	CAN	26.0150581793	3	5450	7-6(7) 6-2	3	SF	88	4	1	58	36	27	18	10	0	0	4	3	61	28	24	16	10	2	4	MS002	2	1	
2017-339	Brisbane	Hard	28	A	20170101	298	105453	3		Kei Nishikori	R	178	JPN	27.0088980151	5	4905	104527	2		Stan Wawrinka	R	183	SUI	31.7645448323	4	5315	7-6(3) 6-3	3	SF	102	1	1	77	56	37	14	11	4	5	9	2	61	37	27	10	10	0	2	MS003	2	1	
2017-339	Brisbane	Hard	28	A	20170101	297	105683	1		Milos Raonic	R	196	CAN	26.0150581793	3	5450	104745	5		Rafael Nadal	L	185	ESP	30.5817932923	9	3300	4-6 6-3 6-4	3	QF	141	23	3	97	62	50	16	15	6	7	4	0	84	61	39	14	14	2	4	MS004	3	0	
2017-339	Brisbane	Hard	28	A	20170101	296	104527	2		Stan Wawrinka	R	183	SUI	31.7645448323	4	5315	106378			Kyle Edmund	R	188	GBR	21.9822039699	45	1001	6-7(2) 6-4 6-4	3	QF	156	11	3	119	67	47	28	16	11	13	2	2	97	65	52	11	16	6	10	MS007	3	1	
2017-339	Brisbane	Hard	28	A	20170101	295	105453	3		Kei Nishikori	R	178	JPN	27.0088980151	5	4905	111442		WC	Jordan Thompson	R	183	AUS	22.7022587269	79	689	6-1 6-1	3	QF	62	3	0	34	19	18	10	7	0	0	1	2	47	28	15	5	7	3	8	MS006	2	0	
2017-339	Brisbane	Hard	28	A	20170101	294	105777	7		Grigor Dimitrov	R	191	BUL	25.6317590691	17	2035	106233	4		Dominic Thiem	R	185	AUT	23.3292265572	8	3415	6-3 4-6 6-3	3	QF	125	3	3	94	52	42	23	14	13	14	6	5	82	37	29	24	14	4	7	MS005	3	0	
2017-339	Brisbane	Hard	28	A	20170101	293	105683	1		Milos Raonic	R	196	CAN	26.0150581793	3	5450	106043			Diego Schwartzman	R	170	ARG	24.3778234086	52	864	6-3 6-2	3	R16	69	12	1	53	40	30	7	9	2	3	0	1	44	29	17	6	8	2	6	MS008	2	0	
2017-339	Brisbane	Hard	28	A	20170101	292	104527	2		Stan Wawrinka	R	183	SUI	31.7645448323	4	5315	104678			Viktor Troicki	R	193	SRB	30.8911704312	29	1385	7-6(5) 6-4	3	R16	90	7	2	64	41	33	15	11	0	1	5	7	71	46	39	8	11	3	5	MS015	2	1	
2017-339	Brisbane	Hard	28	A	20170101	291	105453	3		Kei Nishikori	R	178	JPN	27.0088980151	5	4905	111577		Q	Jared Donaldson	R	188	USA	20.2299794661	105	570	4-6 6-4 6-3	3	R16	143	3	3	107	66	47	18	15	4	8	6	4	95	54	32	20	14	8	13	MS013	3	0	
2017-339	Brisbane	Hard	28	A	20170101	290	106233	4		Dominic Thiem	R	185	AUT	23.3292265572	8	3415	105032		WC	Sam Groth	R	193	AUS	29.2046543463	180	320	7-6(5) 6-3	3	R16	89	11	1	65	44	36	15	11	4	4	11	1	58	35	34	9	10	3	4	MS010	2	1	
2017-339	Brisbane	Hard	28	A	20170101	289	104745	5		Rafael Nadal	L	185	ESP	30.5817932923	9	3300	104999			Mischa Zverev	L	191	GER	29.363449692	51	874	6-1 6-1	3	R16	55	1	2	38	18	15	15	7	2	2	2	2	38	25	13	3	7	3	8	MS009	2	0	
2017-339	Brisbane	Hard	28	A	20170101	288	106378			Kyle Edmund	R	188	GBR	21.9822039699	45	1001	106298	6		Lucas Pouille	R	185	FRA	22.855578371	15	2156	6-3 3-1 RET	3	R16	59	6	1	44	27	22	11	7	4	4	3	2	34	18	15	6	6	3	5	MS014	3	0	
2017-339	Brisbane	Hard	28	A	20170101	287	105777	7		Grigor Dimitrov	R	191	BUL	25.6317590691	17	2035	103917			Nicolas Mahut	R	191	FRA	34.945927447	39	1102	6-2 6-4	3	R16	65	8	0	46	27	25	12	9	3	3	4	3	52	37	27	4	9	0	3	MS011	2	0	
2017-339	Brisbane	Hard	28	A	20170101	286	111442		WC	Jordan Thompson	R	183	AUS	22.7022587269	79	689	103970	8		David Ferrer	R	175	ESP	34.7515400411	21	1785	4-6 7-5 7-5	3	R16	159	5	2	103	65	49	18	17	4	7	2	4	103	64	42	23	17	5	9	MS012	3	0	
2017-339	Brisbane	Hard	28	A	20170101	285	104745	5		Rafael Nadal	L	185	ESP	30.5817932923	9	3300	105238			Alexandr Dolgopolov	R	180	UKR	28.1505817933	62	760	6-3 6-3	3	R32	75	2	1	52	36	26	10	9	2	3	2	2	53	28	20	7	9	0	4	MS019	2	0	
2017-339	Brisbane	Hard	28	A	20170101	284	106298	6		Lucas Pouille	R	185	FRA	22.855578371	15	2156	104468			Gilles Simon	R	183	FRA	32.0136892539	25	1585	7-6(6) 7-6(4)	3	R32	126	7	2	102	52	37	24	12	8	12	1	4	76	42	29	16	12	0	4	MS028	2	2	
2017-339	Brisbane	Hard	28	A	20170101	283	105777	7		Grigor Dimitrov	R	191	BUL	25.6317590691	17	2035	105449			Steve Johnson	R	188	USA	27.022587269	33	1320	6-2 6-3	3	R32	75	3	0	48	25	23	12	9	0	1	2	3	57	36	21	7	8	4	8	MS023	2	0	
2017-339	Brisbane	Hard	28	A	20170101	282	103970	8		David Ferrer	R	175	ESP	34.7515400411	21	1785	106071			Bernard Tomic	R	196	AUS	24.1971252567	26	1465	6-3 7-5	3	R32	84	3	5	52	30	25	12	10	2	3	5	8	74	44	29	12	11	5	9	MS024	2	0	
2017-339	Brisbane	Hard	28	A	20170101	281	111577		Q	Jared Donaldson	R	188	USA	20.2299794661	105	570	104180			Gilles Muller	L	193	LUX	33.6509240246	34	1255	6-4 6-4	3	R32	75	12	2	55	33	27	13	10	0	1	10	2	58	37	27	7	10	2	5	MS026	2	0	
2017-339	Brisbane	Hard	28	A	20170101	280	106378			Kyle Edmund	R	188	GBR	21.9822039699	45	1001	124014		Q	Ernesto Escobedo	R	185	USA	20.4955509925	141	443	7-6(4) 7-6(6)	3	R32	130	11	2	83	48	37	19	12	2	3	11	3	113	67	39	27	12	9	10	MS029	2	2	
2017-339	Brisbane	Hard	28	A	20170101	279	105032		WC	Sam Groth	R	193	AUS	29.2046543463	180	320	105732			Pierre Hugues Herbert	R	188	FRA	25.7932922656	78	698	6-3 5-7 7-5	3	R32	130	20	5	106	59	45	28	17	8	10	9	5	87	48	33	24	16	4	7	MS021	3	0	
2017-339	Brisbane	Hard	28	A	20170101	278	103917			Nicolas Mahut	R	191	FRA	34.945927447	39	1102	103565			Stephane Robert	R	185	FRA	36.6269678303	54	854	4-6 6-3 6-4	3	R32	120	13	3	86	55	42	17	15	2	4	9	8	94	46	29	30	14	9	12	MS022	3	0	
2017-339	Brisbane	Hard	28	A	20170101	277	106043			Diego Schwartzman	R	170	ARG	24.3778234086	52	864	105023			Sam Querrey	R	198	USA	29.2375085558	31	1355	6-2 6-4	3	R32	58	2	0	47	29	21	11	9	0	2	3	7	50	25	15	9	9	4	9	MS017	2	0	
2017-339	Brisbane	Hard	28	A	20170101	276	111442		WC	Jordan Thompson	R	183	AUS	22.7022587269	79	689	111200		WC	Elias Ymer	R	183	SWE	20.7282683094	160	372	6-3 6-2	3	R32	91	1	0	46	28	26	6	8	1	2	1	6	74	43	23	13	9	10	15	MS025	2	0	
2017-339	Brisbane	Hard	28	A	20170101	275	104678			Viktor Troicki	R	193	SRB	30.8911704312	29	1385	106415		Q	Yoshihito Nishioka	L	170	JPN	21.2648870637	100	604	6-4 7-5	3	R32	92	11	5	64	45	35	6	11	1	3	0	1	82	53	33	13	11	6	10	MS030	2	0	
2017-339	Brisbane	Hard	28	A	20170101	274	104999			Mischa Zverev	L	191	GER	29.363449692	51	874	200282		Q	Alex De Minaur	R	180	AUS	17.8726899384	349	132	6-3 6-3	3	R32	68	3	3	57	42	30	9	9	2	2	2	4	46	26	14	12	9	0	3	MS018	2	0	
2017-375	Montpellier	Hard	28	A	20170206	300	100644	4 WC		Alexander Zverev	R	198	GER	19.8001368925	21	1735	104755	3		Richard Gasquet	R	185	FRA	30.6392881588	22	1725	7-6(4) 6-3	3	F	88	8	4	72	46	37	11	11	0	1	3	1	61	37	28	11	10	1	3	MS001	2	1	
2017-375	Montpellier	Hard	28	A	20170206	299	100644	4 WC		Alexander Zverev	R	198	GER	19.8001368925	21	1735	104542	2		Jo Wilfried Tsonga	R	188	FRA	31.8083504449	14	2685	6-7(6) 6-2 6-4	3	SF	140	6	6	106	52	39	33	15	3	4	7	6	97	51	39	21	15	2	6	MS003	3	1	
2017-375	Montpellier	Hard	28	A	20170206	298	104755	3		Richard Gasquet	R	185	FRA	30.6392881588	22	1725	105332			Benoit Paire	R	196	FRA	27.7508555784	43	1040	6-2 6-2	3	SF	69	3	2	59	41	29	9	8	3	4	5	2	47	19	12	8	8	2	7	MS002	2	0	
2017-375	Montpellier	Hard	28	A	20170206	297	104542	2		Jo Wilfried Tsonga	R	188	FRA	31.8083504449	14	2685	106421			Daniil Medvedev	R	198	RUS	20.9883641342	63	749	6-2 7-5	3	QF	67	7	0	48	27	26	14	10	0	0	1	3	58	36	23	12	10	1	4	MS007	2	0	
2017-375	Montpellier	Hard	28	A	20170206	296	104755	3		Richard Gasquet	R	185	FRA	30.6392881588	22	1725	104932		Q	Kenny De Schepper	L	203	FRA	29.6947296372	162	357	6-2 5-7 6-4	3	QF	137	3	1	90	55	37	19	15	2	5	16	8	110	73	51	11	15	17	22	MS005	3	0	
2017-375	Montpellier	Hard	28	A	20170206	295	100644	4 WC		Alexander Zverev	R	198	GER	19.8001368925	21	1735	104871			Jeremy Chardy	R	188	FRA	29.9849418207	68	705	6-4 4-6 6-2	3	QF	99	13	7	74	43	38	18	14	2	3	8	4	88	58	40	16	14	8	11	MS006	3	0	
2017-375	Montpellier	Hard	28	A	20170206	294	105332			Benoit Paire	R	196	FRA	27.7508555784	43	1040	104460			Dustin Brown	R	196	GER	32.1642710472	84	646	1-0 RET	3	QF	22	3	2	18	7	5	5	1	2	2	0	1	2	0	0	0	0	0	0	MS004	2	0	
2017-375	Montpellier	Hard	28	A	20170206	293	104460			Dustin Brown	R	196	GER	32.1642710472	84	646	105227	1		Marin Cilic	R	198	CRO	28.3586584531	7	3560	6-4 6-4	3	R16	61	8	0	52	25	22	18	10	0	0	6	4	51	30	24	11	10	1	3	MS008	2	0	
2017-375	Montpellier	Hard	28	A	20170206	292	104542	2		Jo Wilfried Tsonga	R	188	FRA	31.8083504449	14	2685	105732			Pierre Hugues Herbert	R	188	FRA	25.8918548939	96	600	6-1 6-2	3	R16	45	7	0	38	21	20	12	8	0	0	2	3	38	25	17	2	7	1	5	MS015	2	0	
2017-375	Montpellier	Hard	28	A	20170206	291	104755	3		Richard Gasquet	R	185	FRA	30.6392881588	22	1725	104291			Malek Jaziri	R	185	TUN	33.0485968515	50	904	7-5 6-2	3	R16	80	3	1	64	38	29	12	10	5	7	6	3	59	33	22	8	10	2	7	MS010	2	0	
2017-375	Montpellier	Hard	28	A	20170206	290	100644	4 WC		Alexander Zverev	R	198	GER	19.8001368925	21	1735	105379			Aljaz Bedene	R	183	GBR	27.5564681725	109	547	7-5 3-6 6-4	3	R16	123	10	10	115	65	49	17	16	11	15	4	3	85	49	32	18	15	7	11	MS013	3	0	
2017-375	Montpellier	Hard	28	A	20170206	289	105332			Benoit Paire	R	196	FRA	27.7508555784	43	1040	103852	5 WC		Feliciano Lopez	L	188	ESP	35.3812457221	32	1330	6-4 7-6(5)	3	R16	91	14	3	64	30	28	21	11	1	2	3	1	100	67	43	17	11	14	16	MS009	2	1	
2017-375	Montpellier	Hard	28	A	20170206	288	106421			Daniil Medvedev	R	198	RUS	20.9883641342	63	749	104269	8		Fernando Verdasco	L	185	ESP	33.2292950034	40	1070	6-3 6-3	3	R16	61	8	1	59	35	25	15	9	2	3	1	1	46	41	22	3	9	0	4	MS014	2	0	
2017-375	Montpellier	Hard	28	A	20170206	287	104871			Jeremy Chardy	R	188	FRA	29.9849418207	68	705	103908			Paul Henri Mathieu	R	185	FRA	35.0691307324	105	568	3-6 6-1 6-4	3	R16	112	15	4	83	54	42	15	13	7	8	4	7	85	41	31	20	13	2	5	MS012	3	0	
2017-375	Montpellier	Hard	28	A	20170206	286	104932		Q	Kenny De Schepper	L	203	FRA	29.6947296372	162	357	105011			Illya Marchenko	R	185	UKR	29.4154688569	91	624	7-6(9) 7-6(2)	3	R16	115	7	2	90	67	51	13	12	3	4	9	4	81	48	39	17	12	1	2	MS011	2	2	
2017-375	Montpellier	Hard	28	A	20170206	285	103852	5 WC		Feliciano Lopez	L	188	ESP	35.3812457221	32	1330	103898		Q	Julien Benneteau	R	185	FRA	35.1321013005	128	453	6-3 4-6 7-6(0)	3	R32	128	16	2	94	58	50	18	16	3	5	13	7	103	62	44	20	15	7	9	MS019	3	1	
2017-375	Montpellier	Hard	28	A	20170206	284	104932		Q	Kenny De Schepper	L	203	FRA	29.6947296372	162	357	104999	6		Mischa Zverev	L	191	GER	29.4620123203	34	1238	6-4 6-3	3	R32	60	3	4	59	40	29	12	10	7	8	2	3	45	23	17	8	9	2	5	MS023	2	0	
2017-375	Montpellier	Hard	28	A	20170206	283	104871			Jeremy Chardy	R	188	FRA	29.9849418207	68	705	104719	7		Marcel Granollers	R	191	ESP	30.8227241615	39	1088	6-0 3-6 6-3	3	R32	98	4	7	79	51	36	14	12	7	9	2	2	74	40	26	13	12	3	8	MS024	3	0	
2017-375	Montpellier	Hard	28	A	20170206	282	104269	8		Fernando Verdasco	L	185	ESP	33.2292950034	40	1070	106296		LL	Gregoire Barrere	R	183	FRA	22.9733059548	240	216	6-2 6-1	3	R32	54	0	4	32	22	19	5	7	0	1	3	3	58	33	14	9	8	7	13	MS028	2	0	
2017-375	Montpellier	Hard	28	A	20170206	281	105379			Aljaz Bedene	R	183	GBR	27.5564681725	109	547	106432			Borna Coric	R	185	CRO	20.2299794661	58	795	7-5 4-6 6-1	3	R32	114	12	4	80	51	36	17	15	0	3	3	4	93	64	39	14	14	5	10	MS026	3	0	
2017-375	Montpellier	Hard	28	A	20170206	280	104460			Dustin Brown	R	196	GER	32.1642710472	84	646	104198			Guillermo Garcia Lopez	R	185	ESP	33.6783025325	99	595	7-6(4) 6-3	3	R32	84	11	3	73	41	32	20	11	4	4	0	3	70	43	30	16	10	3	4	MS017	2	1	
2017-375	Montpellier	Hard	28	A	20170206	279	105732			Pierre Hugues Herbert	R	188	FRA	25.8918548939	96	600	123921		Q	Calvin Hemery 	R	188	FRA	22.0260095825	294	167	6-3 7-5	3	R32	81	14	0	59	41	33	12	11	2	2	3	4	76	45	32	14	10	8	10	MS030	2	0	
2017-375	Montpellier	Hard	28	A	20170206	278	104291			Malek Jaziri	R	185	TUN	33.0485968515	50	904	106137		Q	Tristan Lamasine	R	183	FRA	23.9260780287	202	269	1-6 7-5 7-6(3)	3	R32	135	8	2	105	63	45	23	15	1	4	9	9	112	66	49	24	16	9	11	MS021	3	1	
2017-375	Montpellier	Hard	28	A	20170206	277	105011			Illya Marchenko	R	185	UKR	29.4154688569	91	624	111460		WC	Quentin Halys	R	191	FRA	20.2819986311	159	361	6-4 6-4	3	R32	76	4	1	59	33	26	15	10	0	0	8	6	66	35	24	16	10	4	6	MS022	2	0	
2017-375	Montpellier	Hard	28	A	20170206	276	103908			Paul Henri Mathieu	R	185	FRA	35.0691307324	105	568	104672		LL	Vincent Millot	L	173	FRA	31.0198494182	138	430	6-2 4-6 6-3	3	R32	114	2	2	95	50	36	24	14	6	8	9	4	80	53	34	13	13	5	9	MS025	3	0	
2017-375	Montpellier	Hard	28	A	20170206	275	106421			Daniil Medvedev	R	198	RUS	20.9883641342	63	749	104735			Tobias Kamke	R	178	GER	30.7159479808	123	477	6-2 7-6(3)	3	R32	78	8	1	64	37	28	16	10	3	4	0	3	68	45	31	10	10	5	8	MS029	2	1	
2017-375	Montpellier	Hard	28	A	20170206	274	105332			Benoit Paire	R	196	FRA	27.7508555784	43	1040	111575			Karen Khachanov	R	198	RUS	20.7145790554	51	904	7-6(4) 6-4	3	R32	78	10	4	74	44	34	15	11	0	2	11	4	64	32	26	17	11	2	5	MS018	2	1	
2017-451	Doha	Hard	32	A	20170102	300	104925	2		Novak Djokovic	R	188	SRB	29.6180698152	2	11780	104918	1		Andy Murray	R	191	GBR	29.6372347707	1	12410	6-3 5-7 6-4	3	F	174	2	3	110	79	54	19	16	5	7	8	4	84	50	39	16	15	1	4	MS001	3	0	
2017-451	Doha	Hard	32	A	20170102	299	104918	1		Andy Murray	R	191	GBR	29.6372347707	1	12410	104607	3		Tomas Berdych	R	196	CZE	31.2936344969	10	3060	6-3 6-4	3	SF	101	10	1	67	42	33	11	10	2	3	2	1	63	34	23	12	9	2	5	MS002	2	0	
2017-451	Doha	Hard	32	A	20170102	298	104925	2		Novak Djokovic	R	188	SRB	29.6180698152	2	11780	104269			Fernando Verdasco	L	185	ESP	33.1334702259	42	1035	4-6 7-6(7) 6-3	3	SF	143	3	1	93	57	45	15	15	4	7	2	3	101	70	44	16	16	3	7	MS003	3	1	
2017-451	Doha	Hard	32	A	20170102	297	104918	1		Andy Murray	R	191	GBR	29.6372347707	1	12410	104597			Nicolas Almagro	R	183	ESP	31.3675564682	44	1013	7-6(4) 7-5	3	QF	130	5	3	79	51	34	17	12	3	5	4	4	89	44	30	21	12	9	12	MS004	2	1	
2017-451	Doha	Hard	32	A	20170102	296	104925	2		Novak Djokovic	R	188	SRB	29.6180698152	2	11780	103285		Q	Radek Stepanek	R	185	CZE	38.0999315537	107	558	6-3 6-3	3	QF	91	3	3	56	35	26	12	9	3	4	2	5	61	33	25	6	9	2	6	MS007	2	0	
2017-451	Doha	Hard	32	A	20170102	295	104607	3		Tomas Berdych	R	196	CZE	31.2936344969	10	3060	104542	5		Jo Wilfried Tsonga	R	188	FRA	31.7125256674	12	2550	7-5 6-3	3	QF	91	9	1	85	51	39	19	11	7	7	6	0	52	32	25	11	10	1	3	MS005	2	0	
2017-451	Doha	Hard	32	A	20170102	294	104269			Fernando Verdasco	L	185	ESP	33.1334702259	42	1035	103333	6		Ivo Karlovic	R	211	CRO	37.8453114305	20	1795	6-2 7-5	3	QF	83	2	1	58	48	34	7	10	1	1	13	4	67	42	31	8	10	9	12	MS006	2	0	
2017-451	Doha	Hard	32	A	20170102	293	104918	1		Andy Murray	R	191	GBR	29.6372347707	1	12410	105589			Gerald Melzer	L	188	AUT	26.4750171116	68	728	7-6(6) 7-5	3	R16	143	10	0	76	46	36	13	12	3	6	2	3	105	74	45	12	12	10	14	MS008	2	1	
2017-451	Doha	Hard	32	A	20170102	292	104925	2		Novak Djokovic	R	188	SRB	29.6180698152	2	11780	104547			Horacio Zeballos	L	188	ARG	31.6851471595	71	722	6-3 6-4	3	R16	72	4	1	47	33	29	11	10	0	0	4	2	54	34	22	11	9	0	2	MS015	2	0	
2017-451	Doha	Hard	32	A	20170102	291	104607	3		Tomas Berdych	R	196	CZE	31.2936344969	10	3060	106210			Jiri Vesely	L	198	CZE	23.4825462012	55	848	7-6(5) 1-6 6-1	3	R16	105	13	3	79	47	39	14	13	2	4	9	2	84	55	36	16	13	0	2	MS010	3	1	
2017-451	Doha	Hard	32	A	20170102	290	104269			Fernando Verdasco	L	185	ESP	33.1334702259	42	1035	105676	4		David Goffin	R	180	BEL	26.0725530459	11	2750	6-1 7-6(6)	3	R16	102	6	2	87	56	39	12	10	12	14	2	0	68	41	25	12	9	3	7	MS013	2	1	
2017-451	Doha	Hard	32	A	20170102	289	104542	5		Jo Wilfried Tsonga	R	188	FRA	31.7125256674	12	2550	104460			Dustin Brown	R	196	GER	32.0684462697	72	710	6-1 6-3	3	R16	45	12	2	39	26	22	11	8	0	0	1	1	44	29	16	7	8	3	7	MS011	2	0	
2017-451	Doha	Hard	32	A	20170102	288	103333	6		Ivo Karlovic	R	211	CRO	37.8453114305	20	1795	111575			Karen Khachanov	R	198	RUS	20.6187542779	53	863	7-6(3) 7-6(3)	3	R16	90	16	4	73	45	42	17	12	3	3	13	4	70	42	34	19	12	0	0	MS012	2	2	
2017-451	Doha	Hard	32	A	20170102	287	104597			Nicolas Almagro	R	183	ESP	31.3675564682	44	1013	104259	7		Philipp Kohlschreiber	R	178	GER	33.2156057495	32	1325	7-6(5) 7-6(6)	3	R16	106	11	1	78	44	32	21	12	0	2	8	1	80	49	38	15	12	0	2	MS009	2	2	
2017-451	Doha	Hard	32	A	20170102	286	103285		Q	Radek Stepanek	R	185	CZE	38.0999315537	107	558	105963		WC	Arthur De Greef	R	183	BEL	24.7693360712	134	456	6-3 6-2	3	R16	79	0	2	58	31	23	13	9	4	5	5	4	59	38	21	8	8	5	9	MS014	2	0	
2017-451	Doha	Hard	32	A	20170102	285	104918	1		Andy Murray	R	191	GBR	29.6372347707	1	12410	104871			Jeremy Chardy	R	188	FRA	29.8891170431	69	725	6-0 7-6(2)	3	R32	82	6	1	55	40	34	8	9	0	1	3	7	66	41	26	7	9	3	7	MS016	2	1	
2017-451	Doha	Hard	32	A	20170102	284	104925	2		Novak Djokovic	R	188	SRB	29.6180698152	2	11780	105526			Jan Lennard Struff	R	196	GER	26.6913073238	63	758	7-6(1) 6-3	3	R32	87	4	4	55	39	33	6	10	3	5	9	1	74	41	26	14	11	5	9	MS031	2	1	
2017-451	Doha	Hard	32	A	20170102	283	104607	3		Tomas Berdych	R	196	CZE	31.2936344969	10	3060	105561		Q	Alessandro Giannessi	L	185	ITA	26.5954825462	128	475	7-6(1) 6-2	3	R32	86	5	2	54	31	26	18	10	0	0	6	2	71	42	30	14	10	2	4	MS020	2	1	
2017-451	Doha	Hard	32	A	20170102	282	105676	4		David Goffin	R	180	BEL	26.0725530459	11	2750	104898			Robin Haase	R	191	NED	29.7440109514	59	795	7-6(4) 6-2	3	R32	90	6	0	72	44	31	17	10	10	12	7	1	62	34	23	12	10	1	5	MS027	2	1	
2017-451	Doha	Hard	32	A	20170102	281	104542	5		Jo Wilfried Tsonga	R	188	FRA	31.7125256674	12	2550	105723			Andrey Kuznetsov	R	185	RUS	25.8617385352	46	970	6-1 4-6 6-2	3	R32	87	9	2	67	37	31	20	13	1	2	5	1	66	41	29	10	12	1	5	MS023	3	0	
2017-451	Doha	Hard	32	A	20170102	280	103333	6		Ivo Karlovic	R	211	CRO	37.8453114305	20	1795	105011			Illya Marchenko	R	185	UKR	29.3196440794	74	705	7-6(5) 7-6(0)	3	R32	95	13	4	73	50	43	13	12	1	1	2	1	69	52	40	10	12	0	0	MS024	2	2	
2017-451	Doha	Hard	32	A	20170102	279	104259	7		Philipp Kohlschreiber	R	178	GER	33.2156057495	32	1325	104291			Malek Jaziri	R	185	TUN	32.9527720739	58	814	6-2 7-6(3)	3	R32	103	4	3	73	44	33	14	10	3	4	6	4	79	49	30	13	10	9	12	MS019	2	1	
2017-451	Doha	Hard	32	A	20170102	278	103285		Q	Radek Stepanek	R	185	CZE	38.0999315537	107	558	104571	8		Marcos Baghdatis	R	178	CYP	31.5455167693	36	1140	6-4 5-3 RET	3	R32	114	2	7	88	38	24	26	9	12	14	2	1	66	39	23	12	9	5	9	MS028	3	0	
2017-451	Doha	Hard	32	A	20170102	277	104597			Nicolas Almagro	R	183	ESP	31.3675564682	44	1013	103893			Paolo Lorenzi	R	183	ITA	35.0499657769	40	1090	7-6(2) 4-6 6-3	3	R32	149	13	2	104	55	39	26	16	3	6	5	3	90	57	38	18	15	4	7	MS018	3	1	
2017-451	Doha	Hard	32	A	20170102	276	104460			Dustin Brown	R	196	GER	32.0684462697	72	710	105487			Facundo Bagnis	L	183	ARG	26.8473648186	56	835	6-1 6-7(2) 6-4	3	R32	106	7	4	86	57	41	18	14	2	2	7	7	91	59	41	15	15	7	11	MS022	3	1	
2017-451	Doha	Hard	32	A	20170102	275	105963		WC	Arthur De Greef	R	183	BEL	24.7693360712	134	456	105633		Q	Mohamed Safwat	R	183	EGY	26.288843258	199	278	6-7(8) 7-5 6-4	3	R32	143	6	2	112	66	47	28	17	7	8	14	1	100	61	44	25	17	3	6	MS029	3	1	
2017-451	Doha	Hard	32	A	20170102	274	111575			Karen Khachanov	R	198	RUS	20.6187542779	53	863	110743		WC	Mubarak Shannan Zayid	R		QAT	21.7221081451			6-1 6-3	3	R32	57	4	1	38	17	16	16	8	0	0	3	4	62	34	22	9	8	9	13	MS025	2	0	
2017-451	Doha	Hard	32	A	20170102	273	105589			Gerald Melzer	L	188	AUT	26.4750171116	68	728	103908			Paul Henri Mathieu	R	185	FRA	34.9733059548	73	710	6-7(2) 6-3 6-2	3	R32	121	13	3	100	80	53	10	15	7	10	7	4	95	52	42	10	14	6	12	MS017	3	1	
2017-451	Doha	Hard	32	A	20170102	272	104269			Fernando Verdasco	L	185	ESP	33.1334702259	42	1035	105577		Q	Vasek Pospisil	R	193	CAN	26.5297741273	133	456	7-5 6-0	3	R32	75	0	1	52	36	25	11	9	0	1	5	1	55	29	19	8	9	3	8	MS026	2	0	
2017-451	Doha	Hard	32	A	20170102	271	106210			Jiri Vesely	L	198	CZE	23.4825462012	55	848	105551		WC	Anil Yuksel	L		TUR	26.6255989049	507	73	6-2 6-3	3	R32	65	13	2	41	29	27	9	9	0	0	1	1	65	40	25	11	8	6	9	MS021	2	0	
2017-451	Doha	Hard	32	A	20170102	270	104547			Horacio Zeballos	L	188	ARG	31.6851471595	71	722	104252			Florian Mayer	R	191	GER	33.2457221081	50	903	6-7(3) 6-4 7-6(9)	3	R32	158	9	4	117	71	55	27	17	3	4	14	3	120	71	57	23	17	6	8	MS030	3	2	
2017-580	Australian Open	Hard	128	G	20170116	226	103819	17		Roger Federer	R	185	SUI	35.4414784394	17	1980	104745	9		Rafael Nadal	L	185	ESP	30.6228610541	9	3195	6-4 3-6 6-1 3-6 6-3	5	F	218	20	3	138	85	65	26	22	13	17	4	3	151	110	69	23	22	14	20	MS001	5	0	
2017-580	Australian Open	Hard	128	G	20170116	225	103819	17		Roger Federer	R	185	SUI	35.4414784394	17	1980	104527	4		Stan Wawrinka	R	183	SUI	31.8056125941	4	5155	7-5 6-3 1-6 4-6 6-3	5	SF	185	11	3	143	86	62	33	24	8	12	10	2	135	89	56	32	23	5	9	MS002	5	0	
2017-580	Australian Open	Hard	128	G	20170116	224	104745	9		Rafael Nadal	L	185	ESP	30.6228610541	9	3195	105777	15		Grigor Dimitrov	R	191	BUL	25.6728268309	15	2135	6-3 5-7 7-6(5) 6-7(4) 6-4	5	SF	296	8	3	184	136	94	26	28	12	16	22	5	181	124	87	28	27	8	13	MS003	5	2	
2017-580	Australian Open	Hard	128	G	20170116	223	104745	9		Rafael Nadal	L	185	ESP	30.6228610541	9	3195	105683	3		Milos Raonic	R	196	CAN	26.0561259411	3	5290	6-4 7-6(7) 6-4	5	QF	164	5	4	105	76	63	15	16	4	4	14	2	107	71	48	20	16	1	3	MS006	3	1	
2017-580	Australian Open	Hard	128	G	20170116	222	104527	4		Stan Wawrinka	R	183	SUI	31.8056125941	4	5155	104542	12		Jo Wilfried Tsonga	R	188	FRA	31.7508555784	12	2505	7-6(2) 6-4 6-3	5	QF	135	4	2	107	58	41	32	16	5	6	7	3	86	46	34	17	15	0	3	MS005	3	1	
2017-580	Australian Open	Hard	128	G	20170116	221	105777	15		Grigor Dimitrov	R	191	BUL	25.6728268309	15	2135	105676	11		David Goffin	R	180	BEL	26.1108829569	11	2750	6-3 6-2 6-4	5	QF	133	9	4	96	62	46	15	14	8	10	7	3	94	44	30	19	13	9	15	MS007	3	0	
2017-580	Australian Open	Hard	128	G	20170116	220	103819	17		Roger Federer	R	185	SUI	35.4414784394	17	1980	104999			Mischa Zverev	L	191	GER	29.4045174538	50	894	6-1 7-5 6-2	5	QF	92	9	1	79	55	38	16	14	1	2	5	0	97	72	38	13	13	9	15	MS004	3	0	
2017-580	Australian Open	Hard	128	G	20170116	219	104999			Mischa Zverev	L	191	GER	29.4045174538	50	894	104918	1		Andy Murray	R	191	GBR	29.6755646817	1	12560	7-5 5-7 6-2 6-4	5	R16	214	7	2	137	91	60	21	21	8	13	10	6	145	95	62	18	21	9	17	MS008	4	0	
2017-580	Australian Open	Hard	128	G	20170116	218	105683	3		Milos Raonic	R	196	CAN	26.0561259411	3	5290	105138	13		Roberto Bautista Agut	R	183	ESP	28.758384668	14	2350	7-6(6) 3-6 6-4 6-1	5	R16	169	33	9	113	74	60	18	19	7	10	9	4	127	88	56	21	19	11	16	MS013	4	1	
2017-580	Australian Open	Hard	128	G	20170116	217	104527	4		Stan Wawrinka	R	183	SUI	31.8056125941	4	5155	104312			Andreas Seppi	R	191	ITA	32.9034907598	89	635	7-6(2) 7-6(4) 7-6(4)	5	R16	164	17	2	117	68	55	32	18	2	4	11	3	136	85	63	25	18	7	9	MS010	3	3	
2017-580	Australian Open	Hard	128	G	20170116	216	103819	17		Roger Federer	R	185	SUI	35.4414784394	17	1980	105453	5		Kei Nishikori	R	178	JPN	27.0499657769	5	5010	6-7(4) 6-4 6-1 4-6 6-3	5	R16	204	24	6	146	98	79	23	24	6	9	4	5	164	107	73	24	24	11	18	MS009	5	1	
2017-580	Australian Open	Hard	128	G	20170116	215	104745	9		Rafael Nadal	L	185	ESP	30.6228610541	9	3195	104792	6		Gael Monfils	R	193	FRA	30.3764544832	6	3625	6-3 6-3 4-6 6-4	5	R16	176	2	1	101	74	53	17	19	3	6	15	10	130	75	49	25	19	11	17	MS012	4	0	
2017-580	Australian Open	Hard	128	G	20170116	214	105676	11		David Goffin	R	180	BEL	26.1108829569	11	2750	106233	8		Dominic Thiem	R	185	AUT	23.370294319	8	3415	5-7 7-6(4) 6-2 6-2	5	R16	164	15	2	125	70	51	33	20	3	6	13	5	128	77	53	23	20	9	15	MS014	4	1	
2017-580	Australian Open	Hard	128	G	20170116	213	104542	12		Jo Wilfried Tsonga	R	188	FRA	31.7508555784	12	2505	105554			Daniel Evans	R	175	GBR	26.6529774127	51	886	6-7(4) 6-2 6-4 6-4	5	R16	173	17	2	122	81	66	25	20	4	4	9	11	143	100	73	16	20	10	14	MS011	4	1	
2017-580	Australian Open	Hard	128	G	20170116	212	105777	15		Grigor Dimitrov	R	191	BUL	25.6728268309	15	2135	104797		WC	Denis Istomin	R	188	UZB	30.3600273785	117	498	2-6 7-6(2) 6-2 6-1	5	R16	145	7	1	98	72	58	16	18	5	7	14	1	104	72	47	15	17	3	7	MS015	4	1	
2017-580	Australian Open	Hard	128	G	20170116	211	104918	1		Andy Murray	R	191	GBR	29.6755646817	1	12560	105023	31		Sam Querrey	R	198	USA	29.2785763176	32	1355	6-4 6-2 6-4	5	R32	119	8	2	86	56	43	15	14	2	3	5	2	87	52	29	19	14	3	8	MS016	3	0	
2017-580	Australian Open	Hard	128	G	20170116	210	105683	3		Milos Raonic	R	196	CAN	26.0561259411	3	5290	104468	25		Gilles Simon	R	183	FRA	32.0547570157	25	1585	6-2 7-6(5) 3-6 6-3	5	R32	155	20	3	112	74	53	23	19	3	6	0	3	109	83	58	10	19	2	7	MS027	4	1	
2017-580	Australian Open	Hard	128	G	20170116	209	104527	4		Stan Wawrinka	R	183	SUI	31.8056125941	4	5155	104678	29		Viktor Troicki	R	193	SRB	30.932238193	35	1225	3-6 6-2 6-2 7-6(7)	5	R32	152	16	4	117	71	52	24	19	4	9	7	8	122	70	48	20	18	6	13	MS020	4	1	
2017-580	Australian Open	Hard	128	G	20170116	208	105453	5		Kei Nishikori	R	178	JPN	27.0499657769	5	5010	105041		Q	Lukas Lacko	R	185	SVK	29.2046543463	121	486	6-4 6-4 6-4	5	R32	131	5	3	76	46	38	20	15	1	2	12	1	106	60	46	15	15	5	9	MS019	3	0	
2017-580	Australian Open	Hard	128	G	20170116	207	104792	6		Gael Monfils	R	193	FRA	30.3764544832	6	3625	104259	32		Philipp Kohlschreiber	R	178	GER	33.2539356605	33	1325	6-3 7-6(1) 6-4	5	R32	116	9	4	97	68	52	11	16	3	6	3	2	80	52	36	14	15	1	6	MS024	3	1	
2017-580	Australian Open	Hard	128	G	20170116	206	106233	8		Dominic Thiem	R	185	AUT	23.370294319	8	3415	105332			Benoit Paire	R	196	FRA	27.6933607118	47	960	6-1 4-6 6-4 6-4	5	R32	144	10	3	128	85	53	25	19	12	17	10	9	110	53	41	19	18	3	11	MS028	4	0	
2017-580	Australian Open	Hard	128	G	20170116	205	104745	9		Rafael Nadal	L	185	ESP	30.6228610541	9	3195	100644	24		Alexander Zverev	R	198	GER	19.742642026	24	1655	4-6 6-3 6-7(5) 6-3 6-2	5	R32	246	11	4	150	113	82	23	25	5	7	19	11	172	108	77	27	23	11	16	MS025	5	1	
2017-580	Australian Open	Hard	128	G	20170116	204	103819	17		Roger Federer	R	185	SUI	35.4414784394	17	1980	104607	10		Tomas Berdych	R	196	CZE	31.3319644079	10	3060	6-2 6-4 6-4	5	R32	90	8	2	70	41	39	17	14	0	0	12	3	81	52	43	9	14	1	5	MS018	3	0	
2017-580	Australian Open	Hard	128	G	20170116	203	105676	11		David Goffin	R	180	BEL	26.1108829569	11	2750	103333	20		Ivo Karlovic	R	211	CRO	37.8836413415	21	1795	6-3 6-2 6-4	5	R32	88	3	3	66	39	37	19	14	0	0	25	3	78	58	42	7	13	3	7	MS029	3	0	
2017-580	Australian Open	Hard	128	G	20170116	202	104542	12		Jo Wilfried Tsonga	R	188	FRA	31.7508555784	12	2505	106058	23		Jack Sock	R	191	USA	24.3121149897	20	1810	7-6(4) 7-5 6-7(8) 6-3	5	R32	213	24	5	155	103	82	28	23	5	6	7	5	166	94	71	35	22	8	11	MS022	4	2	
2017-580	Australian Open	Hard	128	G	20170116	201	105138	13		Roberto Bautista Agut	R	183	ESP	28.758384668	14	2350	103970	21		David Ferrer	R	175	ESP	34.7926078029	23	1740	7-5 6-7(6) 7-6(3) 6-4	5	R32	242	5	5	182	106	70	40	23	15	20	1	6	151	82	52	37	23	7	14	MS026	4	2	
2017-580	Australian Open	Hard	128	G	20170116	200	105777	15		Grigor Dimitrov	R	191	BUL	25.6728268309	15	2135	104755	18		Richard Gasquet	R	185	FRA	30.5817932923	18	1885	6-3 6-2 6-4	5	R32	122	11	4	95	70	57	9	14	6	7	3	4	82	49	28	16	13	4	9	MS030	3	0	
2017-580	Australian Open	Hard	128	G	20170116	199	105554			Daniel Evans	R	175	GBR	26.6529774127	51	886	106071	27		Bernard Tomic	R	196	AUS	24.2381930185	27	1420	7-5 7-6(2) 7-6(3)	5	R32	168	9	2	134	76	56	32	18	7	10	20	1	114	82	60	13	18	2	6	MS023	3	2	
2017-580	Australian Open	Hard	128	G	20170116	198	104797		WC	Denis Istomin	R	188	UZB	30.3600273785	117	498	105807	30		Pablo Carreno Busta	R	188	ESP	25.5167693361	31	1370	6-4 4-6 6-4 4-6 6-2	5	R32	207	15	1	141	93	70	27	24	9	12	5	5	151	86	59	34	24	2	7	MS031	5	0	
2017-580	Australian Open	Hard	128	G	20170116	197	104312			Andreas Seppi	R	191	ITA	32.9034907598	89	635	104327			Steve Darcis	R	178	BEL	32.8459958932	71	707	4-6 6-4 7-6(1) 7-6(2)	5	R32	187	11	5	131	72	60	31	22	3	7	7	4	131	74	55	28	22	2	6	MS021	4	2	
2017-580	Australian Open	Hard	128	G	20170116	196	104999			Mischa Zverev	L	191	GER	29.4045174538	50	894	104291			Malek Jaziri	R	185	TUN	32.9911019849	56	824	6-1 4-6 6-3 6-0	5	R32	141	7	3	88	53	38	19	16	1	4	4	6	123	68	42	19	16	12	21	MS017	4	0	
2017-580	Australian Open	Hard	128	G	20170116	195	104918	1		Andy Murray	R	191	GBR	29.6755646817	1	12560	126094		Q	Andrey Rublev	R	188	RUS	19.241615332	152	383	6-3 6-0 6-2	5	R64	97	9	2	69	44	34	17	12	0	0	2	3	65	27	19	14	11	1	7	MS032	3	0	
2017-580	Australian Open	Hard	128	G	20170116	194	104797		WC	Denis Istomin	R	188	UZB	30.3600273785	117	498	104925	2		Novak Djokovic	R	188	SRB	29.6563997262	2	11780	7-6(8) 5-7 2-6 7-6(5) 6-4	5	R64	289	17	3	194	133	93	28	27	9	15	14	9	185	106	76	44	27	10	14	MS063	5	2	
2017-580	Australian Open	Hard	128	G	20170116	193	105683	3		Milos Raonic	R	196	CAN	26.0561259411	3	5290	104180			Gilles Muller	L	193	LUX	33.6919917864	28	1415	6-3 6-4 7-6(4)	5	R64	119	21	3	95	61	51	20	16	4	4	7	1	93	65	44	18	15	5	7	MS055	3	1	
2017-580	Australian Open	Hard	128	G	20170116	192	104527	4		Stan Wawrinka	R	183	SUI	31.8056125941	4	5155	105449			Steve Johnson	R	188	USA	27.0636550308	30	1390	6-3 6-4 6-4	5	R64	111	12	4	88	55	47	19	15	5	5	5	0	93	67	44	14	14	8	11	MS040	3	0	
2017-580	Australian Open	Hard	128	G	20170116	191	105453	5		Kei Nishikori	R	178	JPN	27.0499657769	5	5010	104871			Jeremy Chardy	R	188	FRA	29.9274469541	72	705	6-3 6-4 6-3	5	R64	126	2	0	88	61	41	15	14	6	9	5	5	94	54	32	16	14	11	18	MS039	3	0	
2017-580	Australian Open	Hard	128	G	20170116	190	104792	6		Gael Monfils	R	193	FRA	30.3764544832	6	3625	105238			Alexandr Dolgopolov	R	180	UKR	28.1916495551	69	715	6-3 6-4 1-6 6-0	5	R64	117	20	5	92	62	49	11	16	3	6	6	5	123	72	48	19	16	13	19	MS048	4	0	
2017-580	Australian Open	Hard	128	G	20170116	189	105554			Daniel Evans	R	175	GBR	26.6529774127	51	886	105227	7		Marin Cilic	R	198	CRO	28.3011635866	7	3605	3-6 7-5 6-3 6-3	5	R64	178	5	7	143	83	57	31	19	16	19	14	4	110	64	44	24	20	8	14	MS047	4	0	
2017-580	Australian Open	Hard	128	G	20170116	188	106233	8		Dominic Thiem	R	185	AUT	23.370294319	8	3415	111442			Jordan Thompson	R	183	AUS	22.7433264887	76	699	6-2 6-1 6-7(6) 6-4	5	R64	164	12	4	113	64	52	29	18	4	5	5	1	123	67	38	32	19	10	17	MS056	4	1	
2017-580	Australian Open	Hard	128	G	20170116	187	104745	9		Rafael Nadal	L	185	ESP	30.6228610541	9	3195	104571			Marcos Baghdatis	R	178	CYP	31.5838466804	36	1210	6-3 6-1 6-3	5	R64	133	5	0	80	64	46	10	13	4	5	8	4	98	53	33	16	12	10	16	MS051	3	0	
2017-580	Australian Open	Hard	128	G	20170116	186	104607	10		Tomas Berdych	R	196	CZE	31.3319644079	10	3060	105992			Ryan Harrison	R	185	USA	24.6954140999	82	664	6-3 7-6(6) 6-2	5	R64	125	15	2	75	48	43	16	14	2	3	6	11	129	68	46	22	15	10	15	MS036	3	1	
2017-580	Australian Open	Hard	128	G	20170116	185	105676	11		David Goffin	R	180	BEL	26.1108829569	11	2750	103285		Q	Radek Stepanek	R	185	CZE	38.1382614648	102	595	6-4 6-0 6-3	5	R64	105	7	4	80	44	32	23	12	4	5	3	9	79	46	27	12	13	6	13	MS059	3	0	
2017-580	Australian Open	Hard	128	G	20170116	184	104542	12		Jo Wilfried Tsonga	R	188	FRA	31.7508555784	12	2505	105583			Dusan Lajovic	R	183	SRB	26.5489390828	94	627	6-2 6-2 6-3	5	R64	106	15	2	79	45	38	17	13	3	4	2	0	85	57	30	13	12	9	15	MS044	3	0	
2017-580	Australian Open	Hard	128	G	20170116	183	105138	13		Roberto Bautista Agut	R	183	ESP	28.758384668	14	2350	106415			Yoshihito Nishioka	L	170	JPN	21.3059548255	99	602	6-2 6-3 6-3	5	R64	129	9	1	77	62	40	7	13	6	10	2	3	118	72	35	19	13	12	21	MS052	3	0	
2017-580	Australian Open	Hard	128	G	20170116	182	104312			Andreas Seppi	R	191	ITA	32.9034907598	89	635	106401	14		Nick Kyrgios	R	193	AUS	21.7248459959	13	2460	1-6 6-7(1) 6-4 6-2 10-8	5	R64	189	16	4	149	86	66	40	27	7	10	29	8	171	119	88	27	28	7	12	MS043	5	1	
2017-580	Australian Open	Hard	128	G	20170116	181	105777	15		Grigor Dimitrov	R	191	BUL	25.6728268309	15	2135	111202			Hyeon Chung	R	185	KOR	20.6625598905	105	583	1-6 6-4 6-4 6-4	5	R64	156	12	4	117	76	52	22	19	10	15	7	4	104	71	53	11	18	5	10	MS060	4	0	
2017-580	Australian Open	Hard	128	G	20170116	180	103819	17		Roger Federer	R	185	SUI	35.4414784394	17	1980	111511		Q	Noah Rubin	R	178	USA	20.9034907598	200	274	7-5 6-3 7-6(3)	5	R64	124	18	2	112	67	54	25	17	5	6	2	3	102	58	36	27	16	5	8	MS037	3	1	
2017-580	Australian Open	Hard	128	G	20170116	179	104755	18		Richard Gasquet	R	185	FRA	30.5817932923	18	1885	104122			Carlos Berlocq	R	183	ARG	33.9520876112	90	632	6-1 6-1 6-1	5	R64	105	2	5	71	39	29	21	11	2	2	2	1	72	38	20	11	10	6	13	MS061	3	0	
2017-580	Australian Open	Hard	128	G	20170116	178	104999			Mischa Zverev	L	191	GER	29.4045174538	50	894	104545	19		John Isner	R	208	USA	31.7262149213	19	1850	6-7(4) 6-7(4) 6-4 7-6(7) 9-7	5	R64	250	20	13	212	128	107	43	31	16	17	32	4	203	143	106	36	31	13	16	MS034	5	3	
2017-580	Australian Open	Hard	128	G	20170116	177	103333	20		Ivo Karlovic	R	211	CRO	37.8836413415	21	1795	106225		WC	Andrew Whittington	R	188	AUS	23.4332648871	194	289	6-4 6-4 6-4	5	R64	121	19	8	92	51	44	23	15	5	5	5	6	92	46	35	23	15	7	10	MS058	3	0	
2017-580	Australian Open	Hard	128	G	20170116	176	103970	21		David Ferrer	R	175	ESP	34.7926078029	23	1740	124014		Q	Ernesto Escobedo	R	185	USA	20.5366187543	131	455	2-6 6-4 6-4 6-2	5	R64	166	7	7	141	84	58	30	18	11	13	7	3	121	68	48	27	18	10	14	MS053	4	0	
2017-580	Australian Open	Hard	128	G	20170116	175	106058	23		Jack Sock	R	191	USA	24.3121149897	20	1810	111575			Karen Khachanov	R	198	RUS	20.6570841889	52	875	6-3 6-4 6-4	5	R64	135	8	5	107	62	50	21	15	8	9	10	6	111	58	41	22	14	11	15	MS045	3	0	
2017-580	Australian Open	Hard	128	G	20170116	174	100644	24		Alexander Zverev	R	198	GER	19.742642026	24	1655	126207		Q	Frances Tiafoe	R	188	USA	18.9897330595	108	550	6-2 6-3 6-4	5	R64	117	9	6	99	55	41	26	14	5	5	4	2	83	55	34	16	13	4	8	MS050	3	0	
2017-580	Australian Open	Hard	128	G	20170116	173	104468	25		Gilles Simon	R	183	FRA	32.0547570157	25	1585	104297			Rogerio Dutra Silva	R	178	BRA	32.9527720739	100	600	6-4 6-1 6-1	5	R64	96	3	5	67	47	41	10	12	2	2	1	3	81	50	29	13	12	5	11	MS054	3	0	
2017-580	Australian Open	Hard	128	G	20170116	172	106071	27		Bernard Tomic	R	196	AUS	24.2381930185	27	1420	103607			Victor Estrella Burgos	R	173	DOM	36.4572210815	103	586	7-5 7-6(4) 4-6 7-6(5)	5	R64	201	19	2	134	96	77	21	23	3	5	13	7	164	104	77	31	23	6	8	MS046	4	2	
2017-580	Australian Open	Hard	128	G	20170116	171	104678	29		Viktor Troicki	R	193	SRB	30.932238193	35	1225	103893			Paolo Lorenzi	R	183	ITA	35.0882956879	43	1033	6-3 1-6 7-6(3) 3-6 6-3	5	R64	227	21	6	154	83	64	35	23	12	16	8	8	160	100	69	31	23	8	11	MS041	5	1	
2017-580	Australian Open	Hard	128	G	20170116	170	105807	30		Pablo Carreno Busta	R	188	ESP	25.5167693361	31	1370	106378			Kyle Edmund	R	188	GBR	22.0232717317	46	989	6-2 6-4 6-2	5	R64	107	7	0	89	58	46	16	13	6	6	6	6	79	42	31	14	13	3	8	MS062	3	0	
2017-580	Australian Open	Hard	128	G	20170116	169	105023	31		Sam Querrey	R	198	USA	29.2785763176	32	1355	200282		WC	Alex De Minaur	R	180	AUS	17.9137577002	301	164	7-6(5) 6-0 6-1	5	R64	108	9	9	89	46	43	21	13	3	3	1	4	100	68	44	8	12	8	13	MS033	3	1	
2017-580	Australian Open	Hard	128	G	20170116	168	104259	32		Philipp Kohlschreiber	R	178	GER	33.2539356605	33	1325	105385			Donald Young	L	183	USA	27.485284052	85	651	7-5 6-3 6-0	5	R64	111	3	3	77	43	33	23	13	4	5	5	2	93	62	30	15	14	5	12	MS049	3	0	
2017-580	Australian Open	Hard	128	G	20170116	167	104327			Steve Darcis	R	178	BEL	32.8459958932	71	707	106043			Diego Schwartzman	R	170	ARG	24.4188911704	54	867	6-3 6-3 2-6 6-4	5	R64	153	5	0	114	80	57	16	18	5	8	5	5	118	67	46	24	18	5	10	MS042	4	0	
2017-580	Australian Open	Hard	128	G	20170116	166	104291			Malek Jaziri	R	185	TUN	32.9911019849	56	824	122330		Q	Alexander Bublik	R	193	KAZ	19.5838466804	207	268	6-2 6-3 7-5	5	R64	97	8	4	82	48	34	20	14	7	10	15	4	92	50	30	14	15	4	12	MS035	3	0	
2017-580	Australian Open	Hard	128	G	20170116	165	105041		Q	Lukas Lacko	R	185	SVK	29.2046543463	121	486	104534			Dudi Sela	R	175	ISR	31.7864476386	67	731	2-6 6-3 6-2 6-4	5	R64	136	8	1	118	65	45	28	18	8	12	5	5	98	67	42	16	17	5	11	MS038	4	0	
2017-580	Australian Open	Hard	128	G	20170116	164	105332			Benoit Paire	R	196	FRA	27.6933607118	47	960	104926			Fabio Fognini	R	178	ITA	29.6509240246	48	945	7-6(3) 4-6 6-3 3-6 6-3	5	R64	209	22	10	176	97	70	36	25	10	16	2	7	160	93	56	41	24	8	14	MS057	5	1	
2017-580	Australian Open	Hard	128	G	20170116	163	104918	1		Andy Murray	R	191	GBR	29.6755646817	1	12560	105011			Illya Marchenko	R	185	UKR	29.3579739904	95	624	7-5 7-6(5) 6-2	5	R128	167	11	4	112	53	44	26	16	2	5	6	6	99	53	35	19	16	2	8	MS064	3	1	
2017-580	Australian Open	Hard	128	G	20170116	162	104925	2		Novak Djokovic	R	188	SRB	29.6563997262	2	11780	104269			Fernando Verdasco	L	185	ESP	33.1718001369	40	1105	6-1 7-6(4) 6-2	5	R128	140	2	2	94	60	44	18	14	3	5	5	5	106	55	33	20	13	10	16	MS127	3	1	
2017-580	Australian Open	Hard	128	G	20170116	161	105683	3		Milos Raonic	R	196	CAN	26.0561259411	3	5290	104460			Dustin Brown	R	196	GER	32.1067761807	66	738	6-3 6-4 6-2	5	R128	93	18	5	79	50	41	18	14	3	3	3	7	93	55	34	20	13	6	10	MS111	3	0	
2017-580	Australian Open	Hard	128	G	20170116	160	104527	4		Stan Wawrinka	R	183	SUI	31.8056125941	4	5155	105373			Martin Klizan	L	191	SVK	27.5181382615	34	1230	4-6 6-4 7-5 4-6 6-4	5	R128	204	21	6	160	102	78	27	26	11	16	7	2	157	120	77	24	26	10	16	MS080	5	0	
2017-580	Australian Open	Hard	128	G	20170116	159	105453	5		Kei Nishikori	R	178	JPN	27.0499657769	5	5010	105723			Andrey Kuznetsov	R	185	RUS	25.9000684463	45	1015	5-7 6-1 6-4 6-7(6) 6-2	5	R128	214	11	0	158	98	67	34	25	7	12	4	4	142	78	52	27	24	3	12	MS079	5	1	
2017-580	Australian Open	Hard	128	G	20170116	158	104792	6		Gael Monfils	R	193	FRA	30.3764544832	6	3625	106210			Jiri Vesely	L	198	CZE	23.5208761123	53	873	6-2 6-3 6-2	5	R128	92	4	3	71	34	28	25	13	2	3	2	8	74	46	28	11	12	6	12	MS096	3	0	
2017-580	Australian Open	Hard	128	G	20170116	157	105227	7		Marin Cilic	R	198	CRO	28.3011635866	7	3605	105668		PR	Jerzy Janowicz	R	203	POL	26.1765913758	273	186	4-6 4-6 6-2 6-2 6-3	5	R128	185	27	8	127	75	62	31	23	2	4	17	7	136	92	59	27	22	6	11	MS095	5	0	
2017-580	Australian Open	Hard	128	G	20170116	156	106233	8		Dominic Thiem	R	185	AUT	23.370294319	8	3415	105526			Jan Lennard Struff	R	196	GER	26.7296372348	58	796	4-6 6-4 6-4 6-3	5	R128	174	12	9	132	62	52	30	19	8	10	13	10	140	73	58	27	20	14	19	MS112	4	0	
2017-580	Australian Open	Hard	128	G	20170116	155	104745	9		Rafael Nadal	L	185	ESP	30.6228610541	9	3195	104252			Florian Mayer	R	191	GER	33.2840520192	49	903	6-3 6-4 6-4	5	R128	124	6	0	76	53	41	19	15	0	0	7	1	102	66	41	22	14	9	12	MS103	3	0	
2017-580	Australian Open	Hard	128	G	20170116	154	104607	10		Tomas Berdych	R	196	CZE	31.3319644079	10	3060	104563		Q	Luca Vanni	R	198	ITA	31.6194387406	157	373	6-1 RET	5	R128	40	2	2	22	10	8	9	4	1	1	1	3	28	18	8	4	4	1	3	MS072	2	0	
2017-580	Australian Open	Hard	128	G	20170116	153	105676	11		David Goffin	R	180	BEL	26.1108829569	11	2750	124187		Q	Reilly Opelka	R	211	USA	19.3867214237	208	267	6-4 4-6 6-2 4-6 6-4	5	R128	176	13	7	146	76	59	43	24	5	7	21	7	144	85	64	28	24	2	6	MS119	5	0	
2017-580	Australian Open	Hard	128	G	20170116	152	104542	12		Jo Wilfried Tsonga	R	188	FRA	31.7508555784	12	2505	106329			Thiago Monteiro	L	183	BRA	22.6310746064	83	664	6-1 6-3 6-7(5) 6-2	5	R128	143	20	5	103	49	43	34	18	3	4	4	8	111	60	39	24	18	7	14	MS088	4	1	
2017-580	Australian Open	Hard	128	G	20170116	151	105138	13		Roberto Bautista Agut	R	183	ESP	28.758384668	14	2350	105550			Guido Pella	L	185	ARG	26.6694045175	81	685	6-3 6-1 6-1	5	R128	84	7	1	60	38	37	12	12	1	1	5	5	67	40	23	8	11	6	12	MS104	3	0	
2017-580	Australian Open	Hard	128	G	20170116	150	106401	14		Nick Kyrgios	R	193	AUS	21.7248459959	13	2460	105671			Gastao Elias	R	183	POR	26.1464750171	77	698	6-1 6-2 6-2	5	R128	85	9	3	64	36	29	22	12	0	0	4	3	67	34	20	13	11	5	11	MS087	3	0	
2017-580	Australian Open	Hard	128	G	20170116	149	105777	15		Grigor Dimitrov	R	191	BUL	25.6728268309	15	2135	106331		WC	Christopher O'Connell	R	183	AUS	22.6228610541	231	228	7-6(2) 6-3 6-3	5	R128	122	15	0	81	47	46	21	15	0	0	6	1	110	64	44	23	15	10	13	MS120	3	1	
2017-580	Australian Open	Hard	128	G	20170116	148	122330		Q	Alexander Bublik	R	193	KAZ	19.5838466804	207	268	106298	16		Lucas Pouille	R	185	FRA	22.8966461328	16	2131	6-0 3-6 6-3 6-4	5	R128	104	16	9	95	51	44	18	17	3	6	6	7	95	55	40	14	17	4	11	MS071	4	0	
2017-580	Australian Open	Hard	128	G	20170116	147	103819	17		Roger Federer	R	185	SUI	35.4414784394	17	1980	103781		Q	Jurgen Melzer	L	183	AUT	35.6550308008	300	164	7-5 3-6 6-2 6-2	5	R128	125	19	1	103	66	51	20	18	1	4	4	1	111	83	47	15	19	2	9	MS075	4	0	
2017-580	Australian Open	Hard	128	G	20170116	146	104755	18		Richard Gasquet	R	185	FRA	30.5817932923	18	1885	106425		Q	Blake Mott	R	183	AUS	20.7392197125	287	173	6-4 6-4 6-2	5	R128	113	2	1	82	52	38	20	14	0	1	7	3	78	49	31	15	14	3	8	MS123	3	0	
2017-580	Australian Open	Hard	128	G	20170116	145	104545	19		John Isner	R	208	USA	31.7262149213	19	1850	104505			Konstantin Kravchuk	R	191	RUS	31.8959616701	88	642	6-3 6-4 6-7(5) 6-1	5	R128	143	35	6	111	79	67	20	20	2	2	20	4	112	74	59	17	18	6	10	MS068	4	1	
2017-580	Australian Open	Hard	128	G	20170116	144	103333	20		Ivo Karlovic	R	211	CRO	37.8836413415	21	1795	104547			Horacio Zeballos	L	188	ARG	31.7234770705	68	725	6-7(6) 3-6 7-5 6-2 22-20	5	R128	315	76	12	213	140	127	44	41	3	4	32	9	237	152	125	49	42	5	9	MS116	5	1	
2017-580	Australian Open	Hard	128	G	20170116	143	103970	21		David Ferrer	R	175	ESP	34.7926078029	23	1740	117357		WC	Omar Jasika	L	183	AUS	19.665982204	290	172	6-3 6-0 6-2	5	R128	86	4	2	67	45	38	11	12	1	1	1	5	68	43	25	9	11	6	12	MS107	3	0	
2017-580	Australian Open	Hard	128	G	20170116	142	106043			Diego Schwartzman	R	170	ARG	24.4188911704	54	867	104655	22		Pablo Cuevas	R	180	URU	31.0417522245	22	1780	6-3 6-3 6-0	5	R128	82	6	4	72	42	30	22	12	3	4	7	6	80	43	25	13	12	2	9	MS084	3	0	
2017-580	Australian Open	Hard	128	G	20170116	141	106058	23		Jack Sock	R	191	USA	24.3121149897	20	1810	105732			Pierre Hugues Herbert	R	188	FRA	25.8343600274	73	705	6-4 7-6(4) 6-3	5	R128	133	10	6	105	69	56	15	16	5	6	15	4	104	68	49	16	15	9	12	MS091	3	1	
2017-580	Australian Open	Hard	128	G	20170116	140	100644	24		Alexander Zverev	R	198	GER	19.742642026	24	1655	104898			Robin Haase	R	191	NED	29.7823408624	57	808	6-2 3-6 5-7 6-3 6-2	5	R128	174	18	10	144	92	69	24	23	12	16	13	11	140	81	60	24	23	7	14	MS100	5	0	
2017-580	Australian Open	Hard	128	G	20170116	139	104468	25		Gilles Simon	R	183	FRA	32.0547570157	25	1585	111581		WC	Michael Mmoh	R	185	USA	19.0171115674	190	297	6-1 6-3 6-3	5	R128	111	2	3	83	39	25	31	13	4	5	4	4	77	51	28	10	12	2	8	MS108	3	0	
2017-580	Australian Open	Hard	128	G	20170116	138	105041		Q	Lukas Lacko	R	185	SVK	29.2046543463	121	486	105077	26		Albert Ramos Vinolas	L	188	ESP	28.9993155373	26	1435	4-6 7-5 1-6 6-4 6-3	5	R128	200	17	4	140	86	64	30	24	8	12	21	11	151	86	63	32	24	7	11	MS076	5	0	
2017-580	Australian Open	Hard	128	G	20170116	137	106071	27		Bernard Tomic	R	196	AUS	24.2381930185	27	1420	105064			Thomaz Bellucci	L	188	BRA	29.0485968515	62	771	6-2 6-1 6-4	5	R128	97	12	2	70	45	39	17	13	3	3	10	3	83	55	34	11	12	7	12	MS092	3	0	
2017-580	Australian Open	Hard	128	G	20170116	136	104926			Fabio Fognini	R	178	ITA	29.6509240246	48	945	103852	28		Feliciano Lopez	L	188	ESP	35.3237508556	29	1410	7-5 6-3 7-5	5	R128	123	5	3	81	43	38	23	16	0	2	14	8	133	70	48	24	17	22	28	MS115	3	0	
2017-580	Australian Open	Hard	128	G	20170116	135	104678	29		Viktor Troicki	R	193	SRB	30.932238193	35	1225	106000			Damir Dzumhur	R	175	BIH	24.6598220397	78	694	6-4 6-4 2-6 2-6 6-3	5	R128	167	14	2	123	80	58	24	23	5	11	1	8	143	80	57	31	22	10	15	MS083	5	0	
2017-580	Australian Open	Hard	128	G	20170116	134	105807	30		Pablo Carreno Busta	R	188	ESP	25.5167693361	31	1370	105166		LL	Peter Polansky	R	183	CAN	28.5886379192	132	454	6-0 3-6 3-6 6-2 3-0 RET	5	R128	143	21	8	101	59	49	19	18	3	7	10	5	123	73	41	22	17	13	20	MS124	6	0	
2017-580	Australian Open	Hard	128	G	20170116	133	105023	31		Sam Querrey	R	198	USA	29.2785763176	32	1355	111460		WC	Quentin Halys	R	191	FRA	20.2245037645	155	379	6-7(10) 7-6(4) 6-3 6-4	5	R128	166	31	10	133	81	72	23	22	3	6	24	9	151	88	65	34	21	11	16	MS067	4	2	
2017-580	Australian Open	Hard	128	G	20170116	132	104259	32		Philipp Kohlschreiber	R	178	GER	33.2539356605	33	1325	105932			Nikoloz Basilashvili	R	185	GEO	24.8980150582	92	630	6-4 3-6 7-6(2) 6-4	5	R128	152	12	4	114	66	51	28	20	4	7	3	2	137	94	63	22	21	3	7	MS099	4	1	
2017-580	Australian Open	Hard	128	G	20170116	131	104571			Marcos Baghdatis	R	178	CYP	31.5838466804	36	1210	104022			Mikhail Youzhny	R	183	RUS	34.5626283368	70	707	6-3 3-0 RET	5	R128	65	5	1	36	18	16	10	6	2	2	1	2	49	31	18	7	6	7	10	MS102	3	0	
2017-580	Australian Open	Hard	128	G	20170116	130	104122			Carlos Berlocq	R	183	ARG	33.9520876112	90	632	105430			Radu Albot	R	175	MDA	27.1813826146	96	614	6-4 7-6(4) 5-7 7-6(8)	5	R128	236	18	5	157	92	70	34	23	8	12	7	2	154	110	74	25	23	5	9	MS122	4	2	
2017-580	Australian Open	Hard	128	G	20170116	129	104871			Jeremy Chardy	R	188	FRA	29.9274469541	72	705	104597			Nicolas Almagro	R	183	ESP	31.4058863792	42	1040	4-0 RET	5	R128	23	3	3	20	13	10	3	2	2	2	1	1	15	6	3	2	3	0	2	MS078	2	0	
2017-580	Australian Open	Hard	128	G	20170116	128	111202			Hyeon Chung	R	185	KOR	20.6625598905	105	583	105952			Renzo Olivo	R	180	ARG	24.8405201916	79	693	6-2 6-3 6-2	5	R128	105	4	1	69	39	27	21	12	1	2	6	7	80	38	24	16	13	9	16	MS121	3	0	
2017-580	Australian Open	Hard	128	G	20170116	127	104327			Steve Darcis	R	178	BEL	32.8459958932	71	707	105032		WC	Sam Groth	R	193	AUS	29.2457221081	162	355	3-6 6-3 6-2 6-2	5	R128	131	3	0	91	58	48	18	17	1	2	19	8	115	63	44	24	17	5	10	MS085	4	0	
2017-580	Australian Open	Hard	128	G	20170116	126	200282		WC	Alex De Minaur	R	180	AUS	17.9137577002	301	164	105589			Gerald Melzer	L	188	AUT	26.5133470226	87	648	5-7 6-3 2-6 7-6(2) 6-1	5	R128	222	12	7	167	96	65	34	25	12	19	4	6	157	105	65	25	23	13	20	MS066	5	1	
2017-580	Australian Open	Hard	128	G	20170116	125	105238			Alexandr Dolgopolov	R	180	UKR	28.1916495551	69	715	106432			Borna Coric	R	185	CRO	20.1724845996	59	795	6-3 6-4 3-6 7-6(7)	5	R128	177	15	9	132	74	57	30	20	6	9	13	7	134	79	56	26	20	7	11	MS097	4	1	
2017-580	Australian Open	Hard	128	G	20170116	124	104297			Rogerio Dutra Silva	R	178	BRA	32.9527720739	100	600	111577			Jared Donaldson	R	188	USA	20.2710472279	101	596	3-6 0-6 6-1 6-4 6-4	5	R128	185	13	3	130	77	54	26	21	7	12	9	5	132	78	52	29	21	8	13	MS109	5	0	
2017-580	Australian Open	Hard	128	G	20170116	123	106378			Kyle Edmund	R	188	GBR	22.0232717317	46	989	105053			Santiago Giraldo	R	188	COL	29.1389459274	91	631	6-2 7-5 6-3	5	R128	110	12	2	78	43	39	20	15	0	1	6	4	85	48	32	17	14	5	10	MS125	3	0	
2017-580	Australian Open	Hard	128	G	20170116	122	124014		Q	Ernesto Escobedo	R	185	USA	20.5366187543	131	455	106421			Daniil Medvedev	R	198	RUS	20.9308692676	63	751	7-5 4-6 7-6(5) 6-1	5	R128	156	9	3	122	67	51	36	20	4	5	15	9	135	79	61	29	21	7	11	MS106	4	1	
2017-580	Australian Open	Hard	128	G	20170116	121	103607			Victor Estrella Burgos	R	173	DOM	36.4572210815	103	586	105379			Aljaz Bedene	R	183	GBR	27.498973306	109	547	7-6(7) 7-5 0-6 6-3	5	R128	190	4	6	143	99	63	20	20	9	15	10	8	135	73	51	31	19	5	10	MS093	4	1	
2017-580	Australian Open	Hard	128	G	20170116	120	105554			Daniel Evans	R	175	GBR	26.6529774127	51	886	105487			Facundo Bagnis	L	183	ARG	26.8856947296	65	739	7-6(8) 6-3 6-1	5	R128	116	14	3	88	51	43	22	14	2	2	10	4	94	50	34	18	14	6	10	MS094	3	1	
2017-580	Australian Open	Hard	128	G	20170116	119	105992			Ryan Harrison	R	185	USA	24.6954140999	82	664	103917			Nicolas Mahut	R	191	FRA	34.9869952088	41	1085	6-3 6-4 6-2	5	R128	123	8	3	77	50	38	14	14	4	6	1	5	95	57	34	15	13	8	14	MS073	3	0	
2017-580	Australian Open	Hard	128	G	20170116	118	104797		WC	Denis Istomin	R	188	UZB	30.3600273785	117	498	104471		Q	Ivan Dodig	R	183	CRO	32.038329911	170	336	6-1 6-4 3-6 7-5	5	R128	155	14	2	119	78	61	19	19	8	11	7	11	113	65	47	20	19	3	9	MS126	4	0	
2017-580	Australian Open	Hard	128	G	20170116	117	104291			Malek Jaziri	R	185	TUN	32.9911019849	56	824	104424		Q	Go Soeda	R	178	JPN	32.3641341547	139	431	6-3 6-4 6-3	5	R128	120	7	4	77	35	30	23	14	2	4	5	2	99	53	36	16	14	8	14	MS070	3	0	
2017-580	Australian Open	Hard	128	G	20170116	116	105449			Steve Johnson	R	188	USA	27.0636550308	30	1390	105643			Federico Delbonis	L	191	ARG	26.2833675565	44	1030	6-3 6-4 6-4	5	R128	120	17	1	79	43	40	23	15	2	2	2	5	86	49	37	15	14	3	6	MS081	3	0	
2017-580	Australian Open	Hard	128	G	20170116	115	111575			Karen Khachanov	R	198	RUS	20.6570841889	52	875	105173			Adrian Mannarino	L	180	FRA	28.5503080082	61	781	6-4 3-6 7-6(9) 6-3	5	R128	165	32	4	126	76	66	25	19	5	6	7	1	141	88	65	29	21	7	10	MS090	4	1	
2017-580	Australian Open	Hard	128	G	20170116	114	105583			Dusan Lajovic	R	183	SRB	26.5489390828	94	627	103565			Stephane Robert	R	185	FRA	36.6680355921	55	854	6-3 6-3 6-3	5	R128	120	4	4	96	57	42	17	14	7	9	3	5	100	54	29	23	13	7	13	MS089	3	0	
2017-580	Australian Open	Hard	128	G	20170116	113	103893			Paolo Lorenzi	R	183	ITA	35.0882956879	43	1033	105902			James Duckworth	R	183	AUS	24.9883641342	107	557	6-4 7-6(4) 6-7(4) 6-4	5	R128	196	10	5	141	82	64	30	22	7	9	8	7	142	70	55	36	22	3	7	MS082	4	2	
2017-580	Australian Open	Hard	128	G	20170116	112	104180			Gilles Muller	L	193	LUX	33.6919917864	28	1415	126203			Taylor Fritz	R	193	USA	19.2197125257	93	628	7-6(6) 7-6(5) 6-3	5	R128	134	30	4	108	70	58	22	17	6	6	12	4	103	70	53	18	16	0	1	MS110	3	2	
2017-580	Australian Open	Hard	128	G	20170116	111	106415			Yoshihito Nishioka	L	170	JPN	21.3059548255	99	602	106109		Q	Alex Bolt	L	183	AUS	24.0301163587	632	46	6-4 1-6 6-2 6-4	5	R128	150	1	4	115	67	46	26	17	4	7	19	5	118	70	48	22	18	5	10	MS105	4	0	
2017-580	Australian Open	Hard	128	G	20170116	110	105332			Benoit Paire	R	196	FRA	27.6933607118	47	960	103163		PR	Tommy Haas	R	188	GER	38.7898699521			7-6(2) 6-4 RET	5	R128	97	23	4	74	42	34	17	11	1	2	5	5	84	43	24	25	11	3	5	MS114	3	1	
2017-580	Australian Open	Hard	128	G	20170116	109	111511		Q	Noah Rubin	R	178	USA	20.9034907598	200	274	106216		Q	Bjorn Fratangelo	R	183	USA	23.4962354552	113	519	6-7(4) 7-5 3-6 6-2 6-2	5	R128	188	15	6	160	94	70	31	25	5	10	9	8	174	112	78	21	24	6	14	MS074	5	1	
2017-580	Australian Open	Hard	128	G	20170116	108	126094		Q	Andrey Rublev	R	188	RUS	19.241615332	152	383	104229			Yen Hsun Lu	R	180	TPE	33.4264202601	60	786	4-6 6-3 7-6(0) 6-3	5	R128	170	19	6	142	74	58	34	21	19	22	16	7	117	66	48	24	19	3	7	MS065	4	1	
2017-580	Australian Open	Hard	128	G	20170116	107	104534			Dudi Sela	R	175	ISR	31.7864476386	67	731	104719			Marcel Granollers	R	191	ESP	30.765229295	38	1123	5-7 6-3 6-2 6-0	5	R128	154	1	3	113	84	54	13	17	4	8	4	2	112	69	38	16	18	8	18	MS077	4	0	
2017-580	Australian Open	Hard	128	G	20170116	106	104312			Andreas Seppi	R	191	ITA	32.9034907598	89	635	103908			Paul Henri Mathieu	R	185	FRA	35.0116358658	75	700	6-4 7-6(4) 6-7(3) 7-5	5	R128	185	33	6	159	93	74	39	23	13	14	16	8	148	84	63	38	23	7	10	MS086	4	2	
2017-580	Australian Open	Hard	128	G	20170116	105	103285		Q	Radek Stepanek	R	185	CZE	38.1382614648	102	595	104098			Dmitry Tursunov	R	185	RUS	34.0971937029	405	105	6-2 7-6(1) 6-3	5	R128	119	15	4	99	65	52	20	15	4	4	5	5	87	58	39	13	14	5	8	MS118	3	1	
2017-580	Australian Open	Hard	128	G	20170116	104	111442			Jordan Thompson	R	183	AUS	22.7433264887	76	699	105311			Joao Sousa	R	185	POR	27.8001368925	37	1135	6-7(2) 4-6 6-3 6-2 6-1	5	R128	201	21	1	146	96	70	27	23	8	11	4	5	132	74	49	31	23	5	13	MS113	5	1	
2017-580	Australian Open	Hard	128	G	20170116	103	126207		Q	Frances Tiafoe	R	188	USA	18.9897330595	108	550	105062			Mikhail Kukushkin	R	183	KAZ	29.0595482546	98	602	6-1 6-7(3) 6-3 6-2	5	R128	157	13	4	114	63	51	28	19	4	5	9	3	111	65	44	22	17	8	14	MS101	4	1	
2017-580	Australian Open	Hard	128	G	20170116	102	106225		WC	Andrew Whittington	R	188	AUS	23.4332648871	194	289	106361			Adam Pavlasek	R	185	CZE	22.2751540041	86	649	6-4 4-6 6-2 6-3	5	R128	145	12	10	112	64	48	27	18	5	7	13	3	107	66	47	16	19	3	9	MS117	4	0	
2017-580	Australian Open	Hard	128	G	20170116	101	105385			Donald Young	L	183	USA	27.485284052	85	651	105341		Q	Thomas Fabbiano	R	173	ITA	27.6440793977	141	427	6-4 7-6(1) 6-4	5	R128	150	8	6	118	67	48	23	16	10	14	1	5	114	65	35	27	16	7	13	MS098	3	1	
2017-580	Australian Open	Hard	128	G	20170116	100	104999			Mischa Zverev	L	191	GER	29.4045174538	50	894	104198			Guillermo Garcia Lopez	R	185	ESP	33.620807666	74	700	6-3 7-6(5) 6-4	5	R128	142	8	2	100	69	49	15	15	5	8	3	4	99	54	36	20	16	5	11	MS069	3	1	
2017-7161	Quito	Clay	28	A	20170206	300	103607			Victor Estrella Burgos	R	173	DOM	36.514715948	156	362	103893	3		Paolo Lorenzi	R	183	ITA	35.1457905544	46	972	6-7(2) 7-5 7-6(6)	3	F	154	4	2	108	70	55	24	18	5	7	17	4	107	60	53	22	18	0	3	MS001	3	2	
2017-7161	Quito	Clay	28	A	20170206	299	103893	3		Paolo Lorenzi	R	183	ITA	35.1457905544	46	972	105077	2		Albert Ramos Vinolas	L	188	ESP	29.0568104038	30	1355	6-1 6-4	3	SF	73	5	5	48	28	22	12	9	1	2	1	0	49	31	14	9	8	4	8	MS003	2	0	
2017-7161	Quito	Clay	28	A	20170206	298	103607			Victor Estrella Burgos	R	173	DOM	36.514715948	156	362	105064	4		Thomaz Bellucci	L	188	BRA	29.106091718	100	586	7-6(4) 7-6(3)	3	SF	125	4	3	90	53	38	20	12	6	8	8	7	87	38	30	23	12	8	10	MS002	2	2	
2017-7161	Quito	Clay	28	A	20170206	297	105077	2		Albert Ramos Vinolas	L	188	ESP	29.0568104038	30	1355	106148		Q	Roberto Carballes Baena	R	180	ESP	23.8767967146	144	407	7-5 4-6 6-2	3	QF	175	4	8	113	59	47	24	15	4	5	9	7	105	56	39	26	15	7	10	MS007	3	0	
2017-7161	Quito	Clay	28	A	20170206	296	103893	3		Paolo Lorenzi	R	183	ITA	35.1457905544	46	972	104330			Rajeev Ram	R	193	USA	32.8898015058	137	430	6-3 6-4	3	QF	67	6	3	56	23	20	23	10	3	3	7	3	45	27	20	12	9	4	6	MS006	2	0	
2017-7161	Quito	Clay	28	A	20170206	295	105064	4		Thomaz Bellucci	L	188	BRA	29.106091718	100	586	105952	8		Renzo Olivo	R	180	ARG	24.8980150582	103	580	6-2 6-1	3	QF	54	6	2	35	18	18	14	8	0	0	2	6	42	22	9	9	7	5	9	MS005	2	0	
2017-7161	Quito	Clay	28	A	20170206	294	103607			Victor Estrella Burgos	R	173	DOM	36.514715948	156	362	105943		Q	Federico Gaio	R	180	ITA	24.9253935661	179	320	6-4 6-4	3	QF	79	6	1	61	40	33	12	10	2	2	5	4	59	33	27	13	10	4	6	MS004	2	0	
2017-7161	Quito	Clay	28	A	20170206	293	103607			Victor Estrella Burgos	R	173	DOM	36.514715948	156	362	103333	1		Ivo Karlovic	R	211	CRO	37.9411362081	18	1875	6-7(7) 7-6(5) 7-6(8)	3	R16	132	3	3	112	82	70	20	18	0	0	39	3	108	79	70	20	18	0	0	MS008	3	3	
2017-7161	Quito	Clay	28	A	20170206	292	105077	2		Albert Ramos Vinolas	L	188	ESP	29.0568104038	30	1355	104268		Q	Alejandro Falla	L	185	COL	33.2320328542	310	161	6-2 7-5	3	R16	88	2	2	60	40	32	8	10	3	5	0	2	68	36	21	15	10	6	11	MS015	2	0	
2017-7161	Quito	Clay	28	A	20170206	291	103893	3		Paolo Lorenzi	R	183	ITA	35.1457905544	46	972	105051		PR	Matthew Ebden	R	188	AUS	29.1991786448	564	57	6-4 6-4	3	R16	66	5	1	53	26	23	17	10	0	0	5	1	53	37	28	8	10	2	4	MS013	2	0	
2017-7161	Quito	Clay	28	A	20170206	290	105064	4		Thomaz Bellucci	L	188	BRA	29.106091718	100	586	104386		WC	Janko Tipsarevic	R	175	SRB	32.6269678303	101	583	7-6(8) 7-6(2)	3	R16	131	9	2	89	57	42	20	12	4	5	9	6	100	55	44	18	12	4	5	MS010	2	2	
2017-7161	Quito	Clay	28	A	20170206	289	105952	8		Renzo Olivo	R	180	ARG	24.8980150582	103	580	105053			Santiago Giraldo	R	188	COL	29.196440794	97	596	7-6(3) 2-6 6-3	3	R16	108	4	8	85	44	33	22	14	6	10	7	4	78	46	32	16	15	2	6	MS011	3	1	
2017-7161	Quito	Clay	28	A	20170206	288	106148		Q	Roberto Carballes Baena	R	180	ESP	23.8767967146	144	407	104117		WC	Giovanni Lapentti	R	193	ECU	34.0342231348	641	43	6-3 6-4	3	R16	83	0	5	62	38	29	11	10	1	2	2	2	50	31	21	9	9	2	5	MS014	2	0	
2017-7161	Quito	Clay	28	A	20170206	287	105943		Q	Federico Gaio	R	180	ITA	24.9253935661	179	320	105589			Gerald Melzer	L	188	AUT	26.5708418891	106	568	6-7(4) 6-3 7-6(2)	3	R16	150	11	10	109	57	45	33	16	4	5	11	6	112	78	54	18	17	1	4	MS009	3	2	
2017-7161	Quito	Clay	28	A	20170206	286	104330			Rajeev Ram	R	193	USA	32.8898015058	137	430	106044			Nicolas Kicker	R	178	ARG	24.476386037	116	512	7-6(5) 6-3	3	R16	79	5	3	68	43	37	15	11	3	3	4	3	61	29	22	19	10	2	3	MS012	2	1	
2017-7161	Quito	Clay	28	A	20170206	285	104330			Rajeev Ram	R	193	USA	32.8898015058	137	430	105238	5		Alexandr Dolgopolov	R	180	UKR	28.2491444216	67	715	3-6 7-6(4) 6-3	3	R32	109	13	6	92	51	40	17	14	4	7	10	7	109	66	49	18	16	7	11	MS024	3	1	
2017-7161	Quito	Clay	28	A	20170206	284	105589			Gerald Melzer	L	188	AUT	26.5708418891	106	568	104547	6		Horacio Zeballos	L	188	ARG	31.780971937	69	702	6-7(4) 6-3 7-6(4)	3	R32	142	14	7	98	65	55	22	17	2	2	21	9	101	52	44	29	16	2	3	MS019	3	2	
2017-7161	Quito	Clay	28	A	20170206	283	104117		WC	Giovanni Lapentti	R	193	ECU	34.0342231348	641	43	106329	7		Thiago Monteiro	L	183	BRA	22.688569473	85	645	6-3 6-2	3	R32	66	7	2	49	29	24	12	8	2	2	7	4	54	32	21	7	9	1	5	MS028	2	0	
2017-7161	Quito	Clay	28	A	20170206	282	105952	8		Renzo Olivo	R	180	ARG	24.8980150582	103	580	105877		WC	Emilio Gomez	R		ECU	25.1937029432	290	172	5-7 6-2 7-6(5)	3	R32	145	5	3	98	52	37	26	16	5	9	2	6	112	67	47	18	16	3	8	MS023	3	1	
2017-7161	Quito	Clay	28	A	20170206	281	106148		Q	Roberto Carballes Baena	R	180	ESP	23.8767967146	144	407	104297			Rogerio Dutra Silva	R	178	BRA	33.0102669405	88	628	6-3 6-1	3	R32	76	8	7	57	28	20	18	8	4	4	0	6	50	25	15	11	8	2	6	MS029	2	0	
2017-7161	Quito	Clay	28	A	20170206	280	105051		PR	Matthew Ebden	R	188	AUS	29.1991786448	564	57	106006		Q	Agustin Velotti	R		ARG	24.7063655031	184	308	2-6 6-4 6-3	3	R32	97	12	7	97	59	47	16	14	7	9	8	1	75	37	26	23	13	1	3	MS026	3	0	
2017-7161	Quito	Clay	28	A	20170206	279	103607			Victor Estrella Burgos	R	173	DOM	36.514715948	156	362	105413			Andrej Martin	R	180	SVK	27.3812457221	145	404	3-6 6-2 6-4	3	R32	113	1	5	72	47	33	15	13	3	6	6	4	91	59	36	15	14	8	13	MS017	3	0	
2017-7161	Quito	Clay	28	A	20170206	278	104268		Q	Alejandro Falla	L	185	COL	33.2320328542	310	161	105561			Alessandro Giannessi	L	185	ITA	26.6913073238	122	484	6-4 6-3	3	R32	86	2	2	69	45	30	11	9	4	6	6	6	74	41	26	12	10	8	13	MS030	2	0	
2017-7161	Quito	Clay	28	A	20170206	277	105943		Q	Federico Gaio	R	180	ITA	24.9253935661	179	320	105154			Joao Souza	R	193	BRA	28.6981519507	129	451	5-7 6-4 7-5	3	R32	140	11	11	99	48	41	29	17	6	7	9	5	96	53	42	25	17	5	7	MS018	3	0	
2017-7161	Quito	Clay	28	A	20170206	276	105053			Santiago Giraldo	R	188	COL	29.196440794	97	596	103794			Benjamin Becker	R	178	GER	35.6440793977	126	468	6-4 6-4	3	R32	70	3	5	60	35	27	10	10	5	7	2	6	54	33	24	5	10	2	6	MS022	2	0	
2017-7161	Quito	Clay	28	A	20170206	275	106044			Nicolas Kicker	R	178	ARG	24.476386037	116	512	105819			Guido Andreozzi	R	183	ARG	25.5085557837	117	510	4-6 6-3 6-4	3	R32	112	4	7	95	56	46	19	15	8	9	11	4	74	44	36	14	14	1	3	MS025	3	0	
2017-7161	Quito	Clay	28	A	20170206	274	104386		WC	Janko Tipsarevic	R	175	SRB	32.6269678303	101	583	104593			Daniel Gimeno Traver	R	183	ESP	31.5017111567	114	516	4-1 RET	3	R32	21	0	1	15	6	6	6	3	0	0	1	2	16	13	7	1	2	1	2	MS021	2	0	
2017-7434	Sofia	Hard	28	A	20170206	300	105777	3		Grigor Dimitrov	R	191	BUL	25.7303216975	13	2765	105676	2		David Goffin	R	180	BEL	26.1683778234	11	2930	7-5 6-4	3	F	99	10	9	85	58	41	8	11	6	9	2	4	64	31	20	13	11	2	7	MS001	2	0	
2017-7434	Sofia	Hard	28	A	20170206	299	105676	2		David Goffin	R	180	BEL	26.1683778234	11	2930	105138	4		Roberto Bautista Agut	R	183	ESP	28.8158795346	16	2190	5-7 6-4 7-6(3)	3	SF	164	12	7	122	71	49	22	17	6	11	6	4	104	59	47	17	17	3	8	MS003	3	1	
2017-7434	Sofia	Hard	28	A	20170206	298	105777	3		Grigor Dimitrov	R	191	BUL	25.7303216975	13	2765	105932			Nikoloz Basilashvili	R	185	GEO	24.9555099247	87	630	6-1 6-3	3	SF	64	9	2	47	28	25	9	8	3	3	5	7	62	36	21	10	8	4	8	MS002	2	0	
2017-7434	Sofia	Hard	28	A	20170206	297	105676	2		David Goffin	R	180	BEL	26.1683778234	11	2930	104327			Steve Darcis	R	178	BEL	32.9034907598	59	787	6-1 6-3	3	QF	74	6	2	54	27	21	16	8	5	5	2	2	63	32	22	9	8	8	12	MS007	2	0	
2017-7434	Sofia	Hard	28	A	20170206	296	105777	3		Grigor Dimitrov	R	191	BUL	25.7303216975	13	2765	104678	9		Viktor Troicki	R	193	SRB	30.9897330595	37	1120	6-3 6-3	3	QF	65	7	4	54	30	27	13	9	2	2	6	3	53	32	22	8	9	1	4	MS005	2	0	
2017-7434	Sofia	Hard	28	A	20170206	295	105138	4		Roberto Bautista Agut	R	183	ESP	28.8158795346	16	2190	104180	5		Gilles Muller	L	193	LUX	33.749486653	29	1370	7-5 7-6(5)	3	QF	102	10	1	65	43	34	19	12	0	0	11	1	92	64	50	10	12	6	7	MS006	2	1	
2017-7434	Sofia	Hard	28	A	20170206	294	105932			Nikoloz Basilashvili	R	185	GEO	24.9555099247	87	630	105373	8		Martin Klizan	L	191	SVK	27.575633128	36	1140	0-6 6-3 6-3	3	QF	117	3	3	76	51	30	11	12	8	14	2	2	93	69	42	5	12	7	13	MS004	3	0	
2017-7434	Sofia	Hard	28	A	20170206	293	105932			Nikoloz Basilashvili	R	185	GEO	24.9555099247	87	630	106233	1		Dominic Thiem	R	185	AUT	23.4277891855	8	3505	6-4 6-4	3	R16	78	2	3	60	35	27	16	10	3	3	5	3	65	27	21	21	10	3	5	MS008	2	0	
2017-7434	Sofia	Hard	28	A	20170206	292	105676	2		David Goffin	R	180	BEL	26.1683778234	11	2930	105430			Radu Albot	R	175	MDA	27.2388774812	92	615	6-2 6-7(7) 6-3	3	R16	118	11	3	85	47	39	23	15	3	5	5	5	93	59	41	12	14	4	9	MS015	3	1	
2017-7434	Sofia	Hard	28	A	20170206	291	105777	3		Grigor Dimitrov	R	191	BUL	25.7303216975	13	2765	105668		PR	Jerzy Janowicz	R	203	POL	26.2340862423	267	192	4-6 6-3 7-5	3	R16	122	15	4	102	68	50	21	16	6	7	17	1	90	58	46	16	15	4	6	MS010	3	0	
2017-7434	Sofia	Hard	28	A	20170206	290	105138	4		Roberto Bautista Agut	R	183	ESP	28.8158795346	16	2190	105649		Q	Cedrik Marcel Stebe	L	183	GER	26.3299110198	406	105	7-6(4) 6-3	3	R16	96	2	3	68	42	33	16	11	5	6	3	3	68	41	32	9	10	6	8	MS013	2	1	
2017-7434	Sofia	Hard	28	A	20170206	289	104180	5		Gilles Muller	L	193	LUX	33.749486653	29	1370	104022			Mikhail Youzhny	R	183	RUS	34.6201232033	89	627	6-3 7-5	3	R16	82	10	2	57	40	29	9	11	1	3	6	2	72	44	28	12	10	5	9	MS012	2	0	
2017-7434	Sofia	Hard	28	A	20170206	288	105373	8		Martin Klizan	L	191	SVK	27.575633128	36	1140	104978		Q	Daniel Brands	R	196	GER	29.5605749487	225	233	7-6(3) 6-2	3	R16	87	2	1	72	58	39	8	10	4	5	6	5	73	47	36	5	10	9	12	MS009	2	1	
2017-7434	Sofia	Hard	28	A	20170206	287	104678	9		Viktor Troicki	R	193	SRB	30.9897330595	37	1120	104898			Robin Haase	R	191	NED	29.839835729	57	808	2-6 6-4 7-6(3)	3	R16	115	17	7	106	67	48	19	15	9	12	9	5	85	47	40	21	15	1	3	MS011	3	1	
2017-7434	Sofia	Hard	28	A	20170206	286	104327			Steve Darcis	R	178	BEL	32.9034907598	59	787	104312			Andreas Seppi	R	191	ITA	32.9609856263	75	680	6-3 7-5	3	R16	87	4	2	64	34	25	18	11	4	6	9	5	75	35	24	17	10	6	10	MS014	2	0	
2017-7434	Sofia	Hard	28	A	20170206	285	104180	5		Gilles Muller	L	193	LUX	33.749486653	29	1370	106288		Q	Mathias Bourgue	R	188	FRA	23.0527036277	173	325	6-3 6-2	3	R32	83	17	4	63	38	31	11	9	6	6	2	1	53	37	23	6	8	2	5	MS024	2	0	
2017-7434	Sofia	Hard	28	A	20170206	284	105373	8		Martin Klizan	L	191	SVK	27.575633128	36	1140	105723			Andrey Kuznetsov	R	185	RUS	25.9575633128	55	845	6-0 7-6(4)	3	R32	74	3	1	56	45	33	7	9	0	1	4	2	58	29	20	11	9	4	8	MS019	2	1	
2017-7434	Sofia	Hard	28	A	20170206	283	104678	9		Viktor Troicki	R	193	SRB	30.9897330595	37	1120	117356		WC	Cem Ilkel	R	185	TUR	21.4647501711	328	147	6-3 6-2	3	R32	50	5	2	49	32	26	10	9	0	0	2	4	47	26	19	7	8	1	4	MS023	2	0	
2017-7434	Sofia	Hard	28	A	20170206	282	105430			Radu Albot	R	175	MDA	27.2388774812	92	615	200247		WC	Alexandar Lazarov	R		BUL	19.2525667351	599	51	7-6(0) 6-2	3	R32	74	4	1	71	42	31	16	10	5	7	1	5	54	29	17	11	10	0	4	MS030	2	1	
2017-7434	Sofia	Hard	28	A	20170206	281	105932			Nikoloz Basilashvili	R	185	GEO	24.9555099247	87	630	105173			Adrian Mannarino	L	180	FRA	28.6078028747	56	816	7-6(7) 7-6(3)	3	R32	95	4	3	81	50	38	11	12	1	4	7	4	80	49	32	15	12	2	5	MS017	2	2	
2017-7434	Sofia	Hard	28	A	20170206	280	104978		Q	Daniel Brands	R	196	GER	29.5605749487	225	233	103843			Marco Chiudinelli	R	185	SUI	35.40862423	141	414	6-7(4) 7-6(4) 6-2	3	R32	135	17	6	110	65	46	23	16	4	7	5	4	106	58	35	28	16	3	8	MS018	3	2	
2017-7434	Sofia	Hard	28	A	20170206	279	104327			Steve Darcis	R	178	BEL	32.9034907598	59	787	109739		Q	Maximilian Marterer	L		GER	21.6481861739	172	327	6-3 7-6(3)	3	R32	84	1	4	73	49	36	14	11	4	5	8	2	73	55	36	8	10	4	6	MS028	2	1	
2017-7434	Sofia	Hard	28	A	20170206	278	104898			Robin Haase	R	191	NED	29.839835729	57	808	106220		WC	Dimitar Kuzmanov	R	183	BUL	23.5290896646	450	88	6-4 6-3	3	R32	68	5	3	48	25	20	15	9	0	1	1	2	62	43	22	11	10	3	7	MS022	2	0	
2017-7434	Sofia	Hard	28	A	20170206	277	105668		PR	Jerzy Janowicz	R	203	POL	26.2340862423	267	192	104534			Dudi Sela	R	175	ISR	31.8439425051	72	686	6-4 6-4	3	R32	66	10	7	53	28	25	13	10	1	2	4	5	61	35	25	11	10	3	6	MS021	2	0	
2017-7434	Sofia	Hard	28	A	20170206	276	104312			Andreas Seppi	R	191	ITA	32.9609856263	75	680	106000			Damir Dzumhur	R	175	BIH	24.7173169062	81	649	7-6(3) 3-6 6-3	3	R32	115	7	2	96	45	33	26	15	4	8	5	9	93	60	42	16	15	3	7	MS029	3	1	
2017-7434	Sofia	Hard	28	A	20170206	275	105649		Q	Cedrik Marcel Stebe	L	183	GER	26.3299110198	406	105	104559		LL	Teymuraz Gabashvili	R	188	RUS	31.7097878166	160	358	2-6 6-0 6-1	3	R32	98	1	1	67	41	27	16	11	3	5	1	3	77	42	29	10	10	7	12	MS026	3	0	
2017-7434	Sofia	Hard	28	A	20170206	274	104022			Mikhail Youzhny	R	183	RUS	34.6201232033	89	627	106311		LL	Marko Tepavac	R	193	SRB	22.841889117	201	270	7-6(2) 6-4	3	R32	89	8	1	66	31	25	17	11	5	8	6	1	70	37	23	15	11	2	6	MS025	2	1	
2017-891	Chennai	Hard	28	A	20170102	300	105138	2		Roberto Bautista Agut	R	183	ESP	28.720054757	14	2350	106421			Daniil Medvedev	R	198	RUS	20.8925393566	99	611	6-3 6-4	3	F	74	4	1	49	38	32	9	10	0	0	8	4	63	42	30	9	9	2	4	MS001	2	0	
2017-891	Chennai	Hard	28	A	20170102	299	105138	2		Roberto Bautista Agut	R	183	ESP	28.720054757	14	2350	105332	5		Benoit Paire	R	196	FRA	27.6550308008	47	960	6-3 6-3	3	SF	68	3	1	53	36	26	10	9	0	1	8	3	53	27	18	9	9	3	7	MS003	2	0	
2017-891	Chennai	Hard	28	A	20170102	298	106421			Daniil Medvedev	R	198	RUS	20.8925393566	99	611	104534			Dudi Sela	R	175	ISR	31.7481177276	96	616	4-6 7-6(2) 6-2	3	SF	126	4	2	96	59	42	21	15	6	9	3	2	92	65	40	17	15	3	7	MS002	3	1	
2017-891	Chennai	Hard	28	A	20170102	297	105138	2		Roberto Bautista Agut	R	183	ESP	28.720054757	14	2350	104022	7		Mikhail Youzhny	R	183	RUS	34.5242984257	57	826	2-6 6-4 6-4	3	QF	124	1	3	78	54	34	13	14	6	10	2	2	84	56	36	15	14	8	12	MS007	3	0	
2017-891	Chennai	Hard	28	A	20170102	296	104534			Dudi Sela	R	175	ISR	31.7481177276	96	616	105077	3		Albert Ramos Vinolas	L	188	ESP	28.9609856263	27	1435	7-5 6-4	3	QF	105	9	1	75	48	32	16	11	2	3	2	1	67	41	29	11	11	1	4	MS005	2	0	
2017-891	Chennai	Hard	28	A	20170102	295	105332	5		Benoit Paire	R	196	FRA	27.6550308008	47	960	105379			Aljaz Bedene	R	183	GBR	27.4606433949	101	592	6-3 6-0	3	QF	62	4	4	45	22	20	14	8	0	0	4	3	42	26	14	5	7	4	8	MS006	2	0	
2017-891	Chennai	Hard	28	A	20170102	294	106421			Daniil Medvedev	R	198	RUS	20.8925393566	99	611	106075		Q	Jozef Kovalik	R	183	SVK	24.1615331964	117	501	6-1 6-4	3	QF	85	8	2	55	37	28	7	8	3	4	3	5	69	45	26	9	9	6	11	MS004	2	0	
2017-891	Chennai	Hard	28	A	20170102	293	106075		Q	Jozef Kovalik	R	183	SVK	24.1615331964	117	501	105227	1		Marin Cilic	R	198	CRO	28.2628336756	6	3650	7-6(5) 5-7 7-5	3	R16	168	8	2	130	83	55	30	18	9	11	18	2	113	69	53	26	18	3	5	MS008	3	1	
2017-891	Chennai	Hard	28	A	20170102	292	105138	2		Roberto Bautista Agut	R	183	ESP	28.720054757	14	2350	104297			Rogerio Dutra Silva	R	178	BRA	32.9144421629	98	613	6-3 6-2	3	R16	75	3	2	55	31	26	14	9	2	2	6	1	52	34	24	6	8	2	5	MS015	2	0	
2017-891	Chennai	Hard	28	A	20170102	291	105077	3		Albert Ramos Vinolas	L	188	ESP	28.9609856263	27	1435	104327			Steve Darcis	R	178	BEL	32.8076659822	86	658	6-2 6-0	3	R16	64	1	3	53	33	23	12	7	3	3	0	1	43	34	15	3	7	4	9	MS010	2	0	
2017-891	Chennai	Hard	28	A	20170102	290	105379			Aljaz Bedene	R	183	GBR	27.4606433949	101	592	105373	4		Martin Klizan	L	191	SVK	27.4798083504	35	1230	7-6(3) 6-7(3) 7-6(2)	3	R16	184	14	4	123	67	59	23	18	2	5	4	3	135	103	70	16	18	8	11	MS013	3	3	
2017-891	Chennai	Hard	28	A	20170102	289	105332	5		Benoit Paire	R	196	FRA	27.6550308008	47	960	106026		Q	Yuki Bhambri	R	183	IND	24.4982888433	474	83	6-3 6-4	3	R16	86	12	3	79	47	35	18	10	7	7	0	2	75	55	31	13	9	9	11	MS012	2	0	
2017-891	Chennai	Hard	28	A	20170102	288	104022	7		Mikhail Youzhny	R	183	RUS	34.5242984257	57	826	105952			Renzo Olivo	R	180	ARG	24.8021902806	83	670	6-1 7-5	3	R16	93	0	2	63	40	30	12	9	2	3	3	4	68	44	28	6	10	4	9	MS014	2	0	
2017-891	Chennai	Hard	28	A	20170102	287	106421			Daniil Medvedev	R	198	RUS	20.8925393566	99	611	104229	8		Yen Hsun Lu	R	180	TPE	33.3880903491	64	754	6-4 6-3	3	R16	86	6	1	69	36	24	18	9	3	5	2	3	57	28	14	15	10	4	9	MS009	2	0	
2017-891	Chennai	Hard	28	A	20170102	286	104534			Dudi Sela	R	175	ISR	31.7481177276	96	616	111202		Q	Hyeon Chung	R	185	KOR	20.6242299795	104	571	6-2 6-2	3	R16	66	2	1	46	28	20	10	8	3	4	2	3	56	34	18	7	8	2	7	MS011	2	0	
2017-891	Chennai	Hard	28	A	20170102	285	105332	5		Benoit Paire	R	196	FRA	27.6550308008	47	960	104505			Konstantin Kravchuk	R	191	RUS	31.8576317591	85	660	6-3 6-4	3	R32	65	4	5	59	26	23	20	10	0	0	9	6	58	38	27	9	9	6	8	MS024	2	0	
2017-891	Chennai	Hard	28	A	20170102	284	111202		Q	Hyeon Chung	R	185	KOR	20.6242299795	104	571	106432	6		Borna Coric	R	185	CRO	20.1341546886	48	945	6-3 7-5	3	R32	121	6	4	67	32	27	15	10	5	7	2	2	89	54	30	15	11	9	14	MS023	2	0	
2017-891	Chennai	Hard	28	A	20170102	283	104022	7		Mikhail Youzhny	R	183	RUS	34.5242984257	57	826	105031		WC	Saketh Myneni	R	193	IND	29.2073921971	192	287	6-4 6-3	3	R32	85	1	0	61	37	29	16	10	2	2	6	4	70	38	28	15	9	6	8	MS028	2	0	
2017-891	Chennai	Hard	28	A	20170102	282	104229	8		Yen Hsun Lu	R	180	TPE	33.3880903491	64	754	105430			Radu Albot	R	175	MDA	27.1430527036	97	614	6-2 6-1	3	R32	64	4	4	38	19	16	12	7	0	1	1	2	51	25	12	8	8	4	10	MS019	2	0	
2017-891	Chennai	Hard	28	A	20170102	281	105379			Aljaz Bedene	R	183	GBR	27.4606433949	101	592	104198			Guillermo Garcia Lopez	R	185	ESP	33.582477755	70	725	6-3 6-3	3	R32	75	7	4	59	37	27	14	9	5	5	2	2	53	33	24	8	9	2	5	MS026	2	0	
2017-891	Chennai	Hard	28	A	20170102	280	106026		Q	Yuki Bhambri	R	183	IND	24.4982888433	474	83	106368		WC	Ramkumar Ramanathan	R	188	IND	22.1519507187	227	231	6-1 6-1	3	R32	53	0	2	36	26	22	7	7	1	1	2	3	44	27	13	5	7	5	10	MS025	2	0	
2017-891	Chennai	Hard	28	A	20170102	279	104327			Steve Darcis	R	178	BEL	32.8076659822	86	658	105254		Q	Nikola Mektic	L		CRO	28.0246406571	331	144	6-2 6-3	3	R32	60	1	0	39	25	20	12	8	0	0	4	0	48	30	15	9	9	0	4	MS021	2	0	
2017-891	Chennai	Hard	28	A	20170102	278	104297			Rogerio Dutra Silva	R	178	BRA	32.9144421629	98	613	105583			Dusan Lajovic	R	183	SRB	26.5106091718	93	627	7-6(2) 4-6 7-6(3)	3	R32	153	12	4	117	70	51	23	17	4	8	2	2	127	95	59	18	17	9	12	MS030	3	2	
2017-891	Chennai	Hard	28	A	20170102	277	106075		Q	Jozef Kovalik	R	183	SVK	24.1615331964	117	501	105671			Gastao Elias	R	183	POR	26.1081451061	81	675	6-7(5) 6-4 6-2	3	R32	140	4	1	101	63	47	21	15	5	6	7	2	90	47	34	24	15	3	7	MS017	3	1	
2017-891	Chennai	Hard	28	A	20170102	276	106421			Daniil Medvedev	R	198	RUS	20.8925393566	99	611	106329			Thiago Monteiro	L	183	BRA	22.5927446954	82	674	6-3 6-3	3	R32	97	8	4	72	46	33	12	9	3	4	2	3	67	43	25	11	9	6	10	MS018	2	0	
2017-891	Chennai	Hard	28	A	20170102	275	105952			Renzo Olivo	R	180	ARG	24.8021902806	83	670	134770		WC	Casper Ruud	R	183	NOR	18.0314852841	225	231	7-6(3) 6-2	3	R32	79	5	2	60	33	27	18	10	0	0	1	3	69	51	35	8	10	6	8	MS029	2	1	
2017-891	Chennai	Hard	28	A	20170102	274	104534			Dudi Sela	R	175	ISR	31.7481177276	96	616	106000			Damir Dzumhur	R	175	BIH	24.6214921287	77	699	6-2 6-2	3	R32	62	2	0	53	36	28	11	8	5	5	1	4	57	29	17	10	8	4	8	MS022	2	0	
